packet_id,byte_index,cycle,byte_dec,byte_hex,tlast
0,0,77,8,08,0
0,1,78,16,10,0
0,2,79,192,c0,0
0,3,80,0,00,0
0,4,81,0,00,0
0,5,82,16,10,0
0,6,83,0,00,0
0,7,84,0,00,0
0,8,85,0,00,0
0,9,86,0,00,0
0,10,87,72,48,0
0,11,88,226,e2,0
0,12,89,4,04,0
0,13,90,8,08,0
0,14,91,2,02,0
0,15,92,129,81,0
0,16,93,0,00,0
0,17,94,4,04,0
0,18,95,96,60,0
0,19,96,0,00,0
0,20,97,195,c3,0
0,21,98,48,30,0
0,22,99,6,06,0
0,23,100,144,90,0
0,24,101,223,df,1
1,0,141,8,08,0
1,1,142,16,10,0
1,2,143,192,c0,0
1,3,144,1,01,0
1,4,145,0,00,0
1,5,146,14,0e,0
1,6,147,0,00,0
1,7,148,0,00,0
1,8,149,0,00,0
1,9,150,0,00,0
1,10,151,0,00,0
1,11,152,99,63,0
1,12,153,12,0c,0
1,13,154,131,83,0
1,14,155,1,01,0
1,15,156,0,00,0
1,16,157,0,00,0
1,17,158,1,01,0
1,18,159,65,41,0
1,19,160,32,20,0
1,20,161,8,08,0
1,21,162,248,f8,0
1,22,163,212,d4,1
2,0,206,8,08,0
2,1,207,16,10,0
2,2,208,192,c0,0
2,3,209,2,02,0
2,4,210,0,00,0
2,5,211,29,1d,0
2,6,212,0,00,0
2,7,213,0,00,0
2,8,214,0,00,0
2,9,215,0,00,0
2,10,216,0,00,0
2,11,217,78,4e,0
2,12,218,156,9c,0
2,13,219,255,ff,0
2,14,220,255,ff,0
2,15,221,223,df,0
2,16,222,219,db,0
2,17,223,118,76,0
2,18,224,187,bb,0
2,19,225,187,bb,0
2,20,226,187,bb,0
2,21,227,187,bb,0
2,22,228,187,bb,0
2,23,229,187,bb,0
2,24,230,187,bb,0
2,25,231,219,db,0
2,26,232,109,6d,0
2,27,233,219,db,0
2,28,234,251,fb,0
2,29,235,255,ff,0
2,30,236,255,ff,0
2,31,237,255,ff,0
2,32,238,189,bd,0
2,33,239,109,6d,0
2,34,240,183,b7,0
2,35,241,1,01,0
2,36,242,126,7e,0
2,37,243,67,43,1
3,0,269,8,08,0
3,1,270,16,10,0
3,2,271,192,c0,0
3,3,272,3,03,0
3,4,273,0,00,0
3,5,274,30,1e,0
3,6,275,0,00,0
3,7,276,0,00,0
3,8,277,0,00,0
3,9,278,0,00,0
3,10,279,0,00,0
3,11,280,221,dd,0
3,12,281,221,dd,0
3,13,282,221,dd,0
3,14,283,221,dd,0
3,15,284,221,dd,0
3,16,285,221,dd,0
3,17,286,221,dd,0
3,18,287,110,6e,0
3,19,288,219,db,0
3,20,289,222,de,0
3,21,290,255,ff,0
3,22,291,255,ff,0
3,23,292,255,ff,0
3,24,293,239,ef,0
3,25,294,109,6d,0
3,26,295,187,bb,0
3,27,296,221,dd,0
3,28,297,221,dd,0
3,29,298,221,dd,0
3,30,299,221,dd,0
3,31,300,221,dd,0
3,32,301,221,dd,0
3,33,302,221,dd,0
3,34,303,237,ed,0
3,35,304,182,b6,0
3,36,305,109,6d,0
3,37,306,202,ca,0
3,38,307,152,98,1
4,0,333,8,08,0
4,1,334,16,10,0
4,2,335,192,c0,0
4,3,336,4,04,0
4,4,337,0,00,0
4,5,338,26,1a,0
4,6,339,0,00,0
4,7,340,0,00,0
4,8,341,0,00,0
4,9,342,0,00,0
4,10,343,0,00,0
4,11,344,251,fb,0
4,12,345,255,ff,0
4,13,346,255,ff,0
4,14,347,255,ff,0
4,15,348,189,bd,0
4,16,349,109,6d,0
4,17,350,183,b7,0
4,18,351,187,bb,0
4,19,352,187,bb,0
4,20,353,187,bb,0
4,21,354,187,bb,0
4,22,355,187,bb,0
4,23,356,187,bb,0
4,24,357,187,bb,0
4,25,358,221,dd,0
4,26,359,182,b6,0
4,27,360,189,bd,0
4,28,361,255,ff,0
4,29,362,255,ff,0
4,30,363,255,ff,0
4,31,364,223,df,0
4,32,365,219,db,0
4,33,366,105,69,0
4,34,367,204,cc,1
5,0,397,8,08,0
5,1,398,16,10,0
5,2,399,192,c0,0
5,3,400,5,05,0
5,4,401,0,00,0
5,5,402,30,1e,0
5,6,403,0,00,0
5,7,404,0,00,0
5,8,405,0,00,0
5,9,406,0,00,0
5,10,407,0,00,0
5,11,408,118,76,0
5,12,409,187,bb,0
5,13,410,187,bb,0
5,14,411,187,bb,0
5,15,412,187,bb,0
5,16,413,187,bb,0
5,17,414,187,bb,0
5,18,415,187,bb,0
5,19,416,219,db,0
5,20,417,109,6d,0
5,21,418,219,db,0
5,22,419,251,fb,0
5,23,420,255,ff,0
5,24,421,255,ff,0
5,25,422,255,ff,0
5,26,423,189,bd,0
5,27,424,109,6d,0
5,28,425,183,b7,0
5,29,426,187,bb,0
5,30,427,187,bb,0
5,31,428,187,bb,0
5,32,429,187,bb,0
5,33,430,187,bb,0
5,34,431,187,bb,0
5,35,432,187,bb,0
5,36,433,221,dd,0
5,37,434,84,54,0
5,38,435,128,80,1
6,0,462,8,08,0
6,1,463,16,10,0
6,2,464,192,c0,0
6,3,465,6,06,0
6,4,466,0,00,0
6,5,467,27,1b,0
6,6,468,0,00,0
6,7,469,0,00,0
6,8,470,0,00,0
6,9,471,0,00,0
6,10,472,0,00,0
6,11,473,182,b6,0
6,12,474,189,bd,0
6,13,475,255,ff,0
6,14,476,255,ff,0
6,15,477,255,ff,0
6,16,478,223,df,0
6,17,479,219,db,0
6,18,480,118,76,0
6,19,481,187,bb,0
6,20,482,187,bb,0
6,21,483,187,bb,0
6,22,484,187,bb,0
6,23,485,187,bb,0
6,24,486,187,bb,0
6,25,487,187,bb,0
6,26,488,219,db,0
6,27,489,109,6d,0
6,28,490,219,db,0
6,29,491,251,fb,0
6,30,492,255,ff,0
6,31,493,127,7f,0
6,32,494,254,fe,0
6,33,495,1,01,0
6,34,496,109,6d,0
6,35,497,168,a8,1
7,0,526,8,08,0
7,1,527,16,10,0
7,2,528,192,c0,0
7,3,529,7,07,0
7,4,530,0,00,0
7,5,531,30,1e,0
7,6,532,0,00,0
7,7,533,0,00,0
7,8,534,0,00,0
7,9,535,0,00,0
7,10,536,0,00,0
7,11,537,222,de,0
7,12,538,182,b6,0
7,13,539,219,db,0
7,14,540,221,dd,0
7,15,541,221,dd,0
7,16,542,221,dd,0
7,17,543,221,dd,0
7,18,544,205,cd,0
7,19,545,237,ed,0
7,20,546,110,6e,0
7,21,547,183,b7,0
7,22,548,109,6d,0
7,23,549,239,ef,0
7,24,550,255,ff,0
7,25,551,255,ff,0
7,26,552,237,ed,0
7,27,553,247,f7,0
7,28,554,182,b6,0
7,29,555,221,dd,0
7,30,556,238,ee,0
7,31,557,238,ee,0
7,32,558,238,ee,0
7,33,559,238,ee,0
7,34,560,110,6e,0
7,35,561,110,6e,0
7,36,562,3,03,0
7,37,563,116,74,0
7,38,564,160,a0,1
8,0,589,8,08,0
8,1,590,16,10,0
8,2,591,192,c0,0
8,3,592,8,08,0
8,4,593,0,00,0
8,5,594,27,1b,0
8,6,595,0,00,0
8,7,596,0,00,0
8,8,597,0,00,0
8,9,598,0,00,0
8,10,599,0,00,0
8,11,600,221,dd,0
8,12,601,110,6e,0
8,13,602,219,db,0
8,14,603,222,de,0
8,15,604,255,ff,0
8,16,605,255,ff,0
8,17,606,219,db,0
8,18,607,239,ef,0
8,19,608,109,6d,0
8,20,609,187,bb,0
8,21,610,221,dd,0
8,22,611,221,dd,0
8,23,612,221,dd,0
8,24,613,221,dd,0
8,25,614,221,dd,0
8,26,615,220,dc,0
8,27,616,238,ee,0
8,28,617,118,76,0
8,29,618,219,db,0
8,30,619,246,f6,0
8,31,620,254,fe,0
8,32,621,255,ff,0
8,33,622,55,37,0
8,34,623,126,7e,0
8,35,624,190,be,1
9,0,653,8,08,0
9,1,654,16,10,0
9,2,655,192,c0,0
9,3,656,9,09,0
9,4,657,0,00,0
9,5,658,29,1d,0
9,6,659,0,00,0
9,7,660,0,00,0
9,8,661,0,00,0
9,9,662,0,00,0
9,10,663,0,00,0
9,11,664,251,fb,0
9,12,665,189,bd,0
9,13,666,109,6d,0
9,14,667,183,b7,0
9,15,668,187,bb,0
9,16,669,187,bb,0
9,17,670,187,bb,0
9,18,671,187,bb,0
9,19,672,185,b9,0
9,20,673,219,db,0
9,21,674,221,dd,0
9,22,675,110,6e,0
9,23,676,219,db,0
9,24,677,222,de,0
9,25,678,255,ff,0
9,26,679,255,ff,0
9,27,680,222,de,0
9,28,681,239,ef,0
9,29,682,109,6d,0
9,30,683,187,bb,0
9,31,684,221,dd,0
9,32,685,221,dd,0
9,33,686,221,dd,0
9,34,687,221,dd,0
9,35,688,13,0d,0
9,36,689,79,4f,0
9,37,690,250,fa,1
10,0,717,8,08,0
10,1,718,16,10,0
10,2,719,192,c0,0
10,3,720,10,0a,0
10,4,721,0,00,0
10,5,722,28,1c,0
10,6,723,0,00,0
10,7,724,0,00,0
10,8,725,0,00,0
10,9,726,0,00,0
10,10,727,0,00,0
10,11,728,220,dc,0
10,12,729,237,ed,0
10,13,730,110,6e,0
10,14,731,183,b7,0
10,15,732,109,6d,0
10,16,733,239,ef,0
10,17,734,255,ff,0
10,18,735,127,7f,0
10,19,736,239,ef,0
10,20,737,247,f7,0
10,21,738,182,b6,0
10,22,739,221,dd,0
10,23,740,238,ee,0
10,24,741,238,ee,0
10,25,742,238,ee,0
10,26,743,238,ee,0
10,27,744,230,e6,0
10,28,745,110,6e,0
10,29,746,119,77,0
10,30,747,187,bb,0
10,31,748,109,6d,0
10,32,749,123,7b,0
10,33,750,255,ff,0
10,34,751,63,3f,0
10,35,752,196,c4,0
10,36,753,191,bf,1
11,0,782,8,08,0
11,1,783,16,10,0
11,2,784,192,c0,0
11,3,785,11,0b,0
11,4,786,0,00,0
11,5,787,28,1c,0
11,6,788,0,00,0
11,7,789,0,00,0
11,8,790,0,00,0
11,9,791,0,00,0
11,10,792,0,00,0
11,11,793,239,ef,0
11,12,794,253,fd,0
11,13,795,222,de,0
11,14,796,182,b6,0
11,15,797,219,db,0
11,16,798,221,dd,0
11,17,799,221,dd,0
11,18,800,221,dd,0
11,19,801,221,dd,0
11,20,802,220,dc,0
11,21,803,237,ed,0
11,22,804,110,6e,0
11,23,805,183,b7,0
11,24,806,109,6d,0
11,25,807,239,ef,0
11,26,808,255,ff,0
11,27,809,127,7f,0
11,28,810,239,ef,0
11,29,811,247,f7,0
11,30,812,182,b6,0
11,31,813,221,dd,0
11,32,814,238,ee,0
11,33,815,238,ee,0
11,34,816,6,06,0
11,35,817,26,1a,0
11,36,818,120,78,1
12,0,845,8,08,0
12,1,846,16,10,0
12,2,847,192,c0,0
12,3,848,12,0c,0
12,4,849,0,00,0
12,5,850,29,1d,0
12,6,851,0,00,0
12,7,852,0,00,0
12,8,853,0,00,0
12,9,854,0,00,0
12,10,855,0,00,0
12,11,856,221,dd,0
12,12,857,221,dd,0
12,13,858,220,dc,0
12,14,859,221,dd,0
12,15,860,110,6e,0
12,16,861,183,b7,0
12,17,862,109,6d,0
12,18,863,239,ef,0
12,19,864,255,ff,0
12,20,865,127,7f,0
12,21,866,191,bf,0
12,22,867,247,f7,0
12,23,868,182,b6,0
12,24,869,221,dd,0
12,25,870,238,ee,0
12,26,871,238,ee,0
12,27,872,238,ee,0
12,28,873,110,6e,0
12,29,874,238,ee,0
12,30,875,238,ee,0
12,31,876,118,76,0
12,32,877,187,bb,0
12,33,878,109,6d,0
12,34,879,123,7b,0
12,35,880,63,3f,0
12,36,881,239,ef,0
12,37,882,150,96,1
13,0,909,8,08,0
13,1,910,16,10,0
13,2,911,192,c0,0
13,3,912,13,0d,0
13,4,913,0,00,0
13,5,914,27,1b,0
13,6,915,0,00,0
13,7,916,0,00,0
13,8,917,0,00,0
13,9,918,0,00,0
13,10,919,0,00,0
13,11,920,255,ff,0
13,12,921,251,fb,0
13,13,922,247,f7,0
13,14,923,222,de,0
13,15,924,182,b6,0
13,16,925,219,db,0
13,17,926,221,dd,0
13,18,927,221,dd,0
13,19,928,221,dd,0
13,20,929,205,cd,0
13,21,930,221,dd,0
13,22,931,221,dd,0
13,23,932,110,6e,0
13,24,933,183,b7,0
13,25,934,109,6d,0
13,26,935,239,ef,0
13,27,936,255,ff,0
13,28,937,223,df,0
13,29,938,191,bf,0
13,30,939,247,f7,0
13,31,940,182,b6,0
13,32,941,221,dd,0
13,33,942,13,0d,0
13,34,943,140,8c,0
13,35,944,58,3a,1
14,0,973,8,08,0
14,1,974,16,10,0
14,2,975,192,c0,0
14,3,976,14,0e,0
14,4,977,0,00,0
14,5,978,20,14,0
14,6,979,0,00,0
14,7,980,0,00,0
14,8,981,0,00,0
14,9,982,0,00,0
14,10,983,0,00,0
14,11,984,238,ee,0
14,12,985,110,6e,0
14,13,986,52,34,0
14,14,987,28,1c,0
14,15,988,66,42,0
14,16,989,0,00,0
14,17,990,102,66,0
14,18,991,246,f6,0
14,19,992,126,7e,0
14,20,993,255,ff,0
14,21,994,255,ff,0
14,22,995,255,ff,0
14,23,996,255,ff,0
14,24,997,254,fe,0
14,25,998,255,ff,0
14,26,999,247,f7,0
14,27,1000,233,e9,0
14,28,1001,203,cb,1
15,0,1037,8,08,0
15,1,1038,16,10,0
15,2,1039,192,c0,0
15,3,1040,15,0f,0
15,4,1041,0,00,0
15,5,1042,22,16,0
15,6,1043,0,00,0
15,7,1044,0,00,0
15,8,1045,0,00,0
15,9,1046,0,00,0
15,10,1047,0,00,0
15,11,1048,222,de,0
15,12,1049,204,cc,0
15,13,1050,0,00,0
15,14,1051,33,21,0
15,15,1052,36,24,0
15,16,1053,34,22,0
15,17,1054,137,89,0
15,18,1055,36,24,0
15,19,1056,73,49,0
15,20,1057,146,92,0
15,21,1058,36,24,0
15,22,1059,73,49,0
15,23,1060,146,92,0
15,24,1061,36,24,0
15,25,1062,145,91,0
15,26,1063,36,24,0
15,27,1064,145,91,0
15,28,1065,0,00,0
15,29,1066,206,ce,0
15,30,1067,218,da,1
