time_s,fault_active,fault_profile,pressure_psi,flow_gpm,vibration_g,pressure_u16,flow_u16,vibration_u16
46.08,0,0,1492.02618929707,501.531253115514,-0.0313634248250314,29841,5015,1686
46.081,0,0,1487.78442362401,501.893103874416,-0.0703886868805902,29756,5019,1296
46.082,0,0,1490.31276289511,501.766268629646,-0.0788235044915167,29806,5018,1212
46.083,0,0,1486.18749835932,501.555824481084,-0.0280971131532484,29724,5016,1719
46.084,0,0,1487.8412994735,502.182099465215,0.057886654894134,29757,5022,2579
46.085,0,0,1485.6340638121,501.717378890812,0.0744860761773378,29713,5017,2745
46.086,0,0,1487.62934130428,502.569740619961,0.0497218044393358,29753,5026,2497
46.087,0,0,1483.84042494185,501.324857889847,0.0124639896622571,29677,5013,2125
46.088,0,0,1487.06205064638,501.413055333447,-0.0164769407884315,29741,5014,1835
46.089,0,0,1489.26208101852,501.349779153001,-0.0497824024092565,29785,5013,1502
46.09,0,0,1490.29259815127,502.662121913985,-0.0860024890455399,29806,5027,1140
46.091,0,0,1488.94901070245,502.077120144202,-0.0496671617041749,29779,5021,1503
46.092,0,0,1490.569766401,501.226923000253,0.0234764104548179,29811,5012,2235
46.093,0,0,1489.98696108533,500.969270003363,0.0690222193362311,29800,5010,2690
46.094,0,0,1491.24859728436,503.553567910727,0.0538519633649377,29825,5036,2539
46.095,0,0,1495.03389333089,501.790644886676,0.0208014239245436,29901,5018,2208
46.096,0,0,1497.47052370698,501.943526749894,0.00351475175113884,29949,5019,2035
46.097,0,0,1497.41792953212,502.339806429421,-0.0453881937165475,29948,5023,1546
46.098,0,0,1497.54182243784,501.161395740269,-0.0838882295746253,29951,5012,1161
46.099,0,0,1499.41857701225,501.38063151128,-0.0667339785208341,29988,5014,1333
46.1,0,0,1500.11411615078,500.924167140723,4.20866077156749e-05,30002,5009,2000
46.101,0,0,1503.92429036631,501.816673769885,0.0609721330249355,30078,5018,2610
46.102,0,0,1508.04318414506,502.030936269414,0.0613919569972432,30161,5020,2614
46.103,0,0,1511.43490769787,503.204519231809,0.0324514254214028,30229,5032,2325
46.104,0,0,1509.36901601021,500.54678185293,0.0129634601347119,30187,5005,2130
46.105,0,0,1508.65493801546,501.470453041736,-0.019212057933146,30173,5015,1808
46.106,0,0,1517.00545526822,500.458844147707,-0.0701271996829723,30340,5005,1299
46.107,0,0,1517.86292026068,501.505238907487,-0.0863340688105829,30357,5015,1137
46.108,0,0,1518.27477613535,502.272326086934,-0.0222648367421095,30365,5023,1777
46.109,0,0,1516.97248611591,500.579594905256,0.051804270780358,30339,5006,2518
46.11,0,0,1521.32958924619,501.737060456472,0.0716292909569574,30427,5017,2716
46.111,0,0,1520.3766619985,500.46247180246,0.0437105581831992,30408,5005,2437
46.112,0,0,1522.46250009691,501.556198793657,0.0215968196419298,30449,5016,2216
46.113,0,0,1522.49474179234,500.995588872833,-0.00822679211474153,30450,5010,1918
46.114,0,0,1518.07886690328,502.299248049134,-0.0517126903172335,30362,5023,1483
46.115,0,0,1519.4985859817,501.659313251916,-0.0830815147181047,30390,5017,1169
46.116,0,0,1519.43795515446,502.021805522884,-0.0387712894984578,30389,5020,1612
46.117,0,0,1518.67998113982,502.062919426134,0.0304204712637797,30374,5021,2304
46.118,0,0,1515.83442121217,500.679708206043,0.0720242427960457,30317,5007,2720
46.119,0,0,1516.69582080658,500.059904841514,0.0552654543152083,30334,5001,2553
46.12,0,0,1511.6794805142,501.348855173553,0.0295251442733765,30234,5013,2295
46.121,0,0,1507.61113242967,501.09144440996,0.00774919130821622,30152,5011,2077
46.122,0,0,1507.19569207191,501.390758150663,-0.0346442900923742,30144,5014,1654
46.123,0,0,1503.63676153842,501.797539424772,-0.0756186356898821,30073,5018,1244
46.124,0,0,1505.46895163842,502.221480418712,-0.0619770787997114,30109,5022,1380
46.125,0,0,1501.82647986502,502.087699621886,0.00144630894233939,30037,5021,2014
46.126,0,0,1498.92377969928,500.239183397474,0.054716212102797,29978,5002,2547
46.127,0,0,1497.82508313084,501.556687506993,0.0655758539599085,29957,5016,2656
46.128,0,0,1498.020684819,501.815312990829,0.0258257405478841,29960,5018,2258
46.129,0,0,1493.51259402917,499.422356174711,0.00640512084988338,29870,4994,2064
46.13,0,0,1489.47777283408,501.272687140312,-0.0156707469171853,29790,5013,1843
46.131,0,0,1486.89346575489,500.992052163729,-0.0685683701212127,29738,5010,1314
46.132,0,0,1487.56192162612,501.231233739218,-0.0782776850906719,29751,5012,1217
46.133,0,0,1486.01205469775,500.221382078389,-0.0206219154569658,29720,5002,1794
46.134,0,0,1486.09055100052,501.10316548924,0.0525592733968661,29722,5011,2526
46.135,0,0,1485.95517194893,500.577720826008,0.0684891471669654,29719,5006,2685
46.136,0,0,1482.5194467722,500.626334290507,0.0522625989581609,29650,5006,2523
46.137,0,0,1483.76606928141,500.766030356189,0.0146066835214786,29675,5008,2146
46.138,0,0,1485.3149001637,500.422201591742,-0.00438414971678767,29706,5004,1956
46.139,0,0,1480.9608105024,499.813938401465,-0.0546317747440781,29619,4998,1454
46.14,0,0,1487.46914372649,499.874788451502,-0.0779114553948091,29749,4999,1221
46.141,0,0,1478.39210491295,501.384414487263,-0.0425519103529473,29568,5014,1574
46.142,0,0,1484.68992638798,501.018876581495,0.0302907104170867,29694,5010,2303
46.143,0,0,1490.42904869845,500.34620146038,0.0743108227507721,29809,5003,2743
46.144,0,0,1488.6984128476,500.742970923207,0.0698772909728445,29774,5007,2699
46.145,0,0,1491.42637786679,500.194691135262,0.0235408951877212,29829,5002,2235
46.146,0,0,1489.31221470259,499.522979080928,0.0019133607914283,29786,4995,2019
46.147,0,0,1494.81572852845,500.291973130055,-0.0500079056914376,29896,5003,1500
46.148,0,0,1491.64953743853,500.529347631324,-0.0740335903737041,29833,5005,1260
46.149,0,0,1496.36005930838,501.194384139052,-0.0677531790215754,29927,5012,1322
46.15,0,0,1501.75306945287,500.666646560021,0.00869232926481105,30035,5007,2087
46.151,0,0,1499.76166207402,500.614757917218,0.0614787536205007,29995,5006,2615
46.152,0,0,1503.8025065869,499.518004021858,0.0570823816280418,30076,4995,2571
46.153,0,0,1507.56242757238,499.561673609722,0.037368449345333,30151,4996,2374
46.154,0,0,1509.26409504316,500.986412493379,-0.000377130718175163,30185,5010,1996
46.155,0,0,1509.25177370874,500.261661943284,-0.0215290637937517,30185,5003,1785
46.156,0,0,1508.66216380961,498.944826696219,-0.0728275661165035,30173,4989,1272
46.157,0,0,1511.76774677363,499.747138868015,-0.0804199433036605,30235,4997,1196
46.158,0,0,1514.8080047618,500.32406439192,-0.0199697616291622,30296,5003,1800
46.159,0,0,1512.81086719801,499.070617046984,0.0471558080632667,30256,4991,2472
46.16,0,0,1518.1783241039,498.820619707875,0.0637841348095427,30364,4988,2638
46.161,0,0,1515.19708221453,499.946692995895,0.0405946099583418,30304,4999,2406
46.162,0,0,1516.75553330655,499.756932838609,0.0245642234078499,30335,4998,2246
46.163,0,0,1513.69069366459,499.541253676105,0.00122565870368428,30274,4995,2012
46.164,0,0,1516.19463730954,500.059467008087,-0.0428004608859533,30324,5001,1572
46.165,0,0,1513.87844551074,499.913639323633,-0.0873085322781352,30278,4999,1127
46.166,0,0,1514.39884905158,500.977030605507,-0.0517201392456144,30288,5010,1483
46.167,0,0,1513.41742029879,500.17281138857,0.0471231425374009,30268,5002,2471
46.168,0,0,1511.85710521789,499.39481080969,0.0762070607170868,30237,4994,2762
46.169,0,0,1510.18695113553,499.918947456642,0.061323178687089,30204,4999,2613
46.17,0,0,1508.08360821727,499.57914316224,0.0309727537490286,30162,4996,2310
46.171,0,0,1506.5071216282,500.122788472527,-0.00735399813518447,30130,5001,1926
46.172,0,0,1504.80720847908,499.406442620718,-0.0446461168912788,30096,4994,1554
46.173,0,0,1497.83762440409,498.635288339782,-0.0657735699617172,29957,4986,1342
46.174,0,0,1497.11179701782,499.504592001338,-0.0682840448936485,29942,4995,1317
46.175,0,0,1496.327724281,498.764212688395,0.00562150119565153,29927,4988,2056
46.176,0,0,1495.86569256238,498.588138757988,0.0667228852388353,29917,4986,2667
46.177,0,0,1495.47219870384,499.873705333956,0.0564392948004759,29909,4999,2564
46.178,0,0,1491.36905646319,498.988184726617,0.0304065795660103,29827,4990,2304
46.179,0,0,1489.67324780506,498.769057067101,0.00584103048551811,29793,4988,2058
46.18,0,0,1486.37311615719,500.545852298051,-0.0225124537838425,29727,5005,1775
46.181,0,0,1485.83506459304,500.406431812529,-0.0698681915540231,29717,5004,1301
46.182,0,0,1480.50511870538,500.102290561609,-0.0717566292228636,29610,5001,1282
46.183,0,0,1483.92442916846,498.717627540515,-0.0090391585791627,29678,4987,1910
46.184,0,0,1483.01367296448,498.407602793973,0.0460341658404523,29660,4984,2460
46.185,0,0,1477.50801276112,498.421782126844,0.072486118997009,29550,4984,2725
46.186,0,0,1480.88283627815,499.895940343219,0.0449401195548387,29618,4999,2449
46.187,0,0,1477.47160996265,498.827809282779,0.0180933758028787,29549,4988,2181
46.188,0,0,1474.95433871112,499.026973764426,-0.00496572125986152,29499,4990,1950
46.189,0,0,1474.9282627404,498.761451183367,-0.0511749455250447,29499,4988,1488
46.19,0,0,1478.43262569189,499.360853903595,-0.0821051949713121,29569,4994,1179
46.191,0,0,1484.06407347321,498.908766025063,-0.0455717003024565,29681,4989,1544
46.192,0,0,1478.46470034075,498.478151968737,0.0357991614657351,29569,4985,2358
46.193,0,0,1481.76535105989,498.398624605016,0.0754244502593065,29635,4984,2754
46.194,0,0,1482.78525157257,499.448626835842,0.0575720180030567,29656,4994,2576
46.195,0,0,1486.14045230261,499.908912070781,0.0125527033884929,29723,4999,2126
46.196,0,0,1485.93298943838,497.57330893962,0.00038595313730978,29719,4976,2004
46.197,0,0,1491.69789857014,499.437328949273,-0.0353262751741339,29834,4994,1647
46.198,0,0,1489.47875053311,498.963377297171,-0.0765626840576174,29790,4990,1234
46.199,0,0,1493.71450039148,497.831618478174,-0.062111311485304,29874,4978,1379
46.2,0,0,1498.58982100817,499.142281726712,0.00991738412934654,29972,4991,2099
46.201,0,0,1497.961297774,498.835196926986,0.0749630085125359,29959,4988,2750
46.202,0,0,1501.40927088029,498.729617307669,0.0577053881225015,30028,4987,2577
46.203,0,0,1501.22951100838,499.131242944153,0.0367355865010785,30025,4991,2367
46.204,0,0,1505.26467672077,499.230057097207,0.017696761235767,30105,4992,2177
46.205,0,0,1507.0948308017,497.011514506936,-0.0218485749224743,30142,4970,1782
46.206,0,0,1508.48412421745,498.53746980011,-0.067003992966676,30170,4985,1330
46.207,0,0,1508.65044083212,499.855579874476,-0.079007541680995,30173,4999,1210
46.208,0,0,1511.37664508748,498.06738578901,-0.011111703368411,30228,4981,1889
46.209,0,0,1512.05932763472,498.058876091642,0.0491644336889826,30241,4981,2492
46.21,0,0,1513.46006246556,499.508699617558,0.0659544150670453,30269,4995,2660
46.211,0,0,1513.46871389209,497.239773659688,0.0468465309653937,30269,4972,2468
46.212,0,0,1517.22848321974,497.442363399053,0.0114731022491465,30345,4974,2115
46.213,0,0,1514.15442582673,498.195077949144,-0.00801684203333254,30283,4982,1920
46.214,0,0,1515.27173517503,498.473620791235,-0.0517185651478422,30305,4985,1483
46.215,0,0,1513.01650799145,498.35740448554,-0.0800138553456457,30260,4984,1200
46.216,0,0,1510.33276450092,499.800172001836,-0.0494967301232015,30207,4998,1505
46.217,0,0,1508.32265765182,498.438076354708,0.0384197359303187,30166,4984,2384
46.218,0,0,1508.7993148658,499.262066263903,0.0686834366067122,30176,4993,2687
46.219,0,0,1507.19661881411,498.929678032582,0.0666275182128879,30144,4989,2666
46.22,0,0,1505.87621110539,497.279165483147,0.0228940026845397,30118,4973,2229
46.221,0,0,1505.2835075028,498.203892012918,0.00621533675516401,30106,4982,2062
46.222,0,0,1499.61610218254,500.208706909477,-0.0389827938447855,29992,5002,1610
46.223,0,0,1500.89253969389,498.239427026564,-0.0772494271914263,30018,4982,1228
46.224,0,0,1498.97931362694,499.036493097989,-0.0718523784925621,29980,4990,1281
46.225,0,0,1497.27324781209,498.955245813211,0.0106309942600885,29945,4990,2106
46.226,0,0,1493.67391182467,497.688163545663,0.0594927515296179,29873,4977,2595
46.227,0,0,1492.54127460847,498.358414300053,0.0583148370600728,29851,4984,2583
46.228,0,0,1492.18872687892,498.029377321488,0.0271804881647973,29844,4980,2272
46.229,0,0,1489.227957231,498.78466138992,0.00812386365253875,29785,4988,2081
46.23,0,0,1485.39246951812,498.775394252915,-0.0162204832184724,29708,4988,1838
46.231,0,0,1481.13131081116,498.442198005045,-0.0648127105750889,29623,4984,1352
46.232,0,0,1480.37321063932,497.695281765643,-0.0714356264695344,29607,4977,1286
46.233,0,0,1477.18763726837,498.202360684343,-0.0176492656874852,29544,4982,1824
46.234,0,0,1482.66863141377,498.773094366288,0.052771543341788,29653,4988,2528
46.235,0,0,1478.2581212255,497.507125397139,0.0626794302811258,29565,4975,2627
46.236,0,0,1477.32412550399,498.761837926945,0.0337938633665023,29546,4988,2338
46.237,0,0,1478.13807886913,497.316016727835,0.0166264048048561,29563,4973,2166
46.238,0,0,1478.23498230932,498.55077332391,-0.0136437539401965,29565,4986,1864
46.239,0,0,1477.3304542565,497.147305248335,-0.0629912911903671,29547,4971,1370
46.24,0,0,1478.14411797147,498.945514794795,-0.0776873797552899,29563,4989,1223
46.241,0,0,1481.67784172586,498.06504537787,-0.0432993305069167,29634,4981,1567
46.242,0,0,1484.87838657193,497.490984572668,0.045333844466496,29698,4975,2453
46.243,0,0,1481.00353190966,498.792434172163,0.0761094031268785,29620,4988,2761
46.244,0,0,1487.68824299613,499.711817808263,0.0629145734223445,29754,4997,2629
46.245,0,0,1486.27686709501,497.151043895865,0.0288161343113582,29726,4972,2288
46.246,0,0,1487.06749492258,497.707589929024,0.00217885715198473,29741,4977,2022
46.247,0,0,1488.18830000734,497.252969554875,-0.0283471598035247,29764,4973,1717
46.248,0,0,1489.51081934785,498.314608266656,-0.074020377948969,29790,4983,1260
46.249,0,0,1494.30723905085,498.21981911363,-0.0659117092326044,29886,4982,1341
46.25,0,0,1494.50018689329,497.158368118259,0.0040726217136518,29890,4972,2041
46.251,0,0,1502.6679785101,498.14560031692,0.0591276437991949,30053,4981,2591
46.252,0,0,1501.9691942869,499.125553548147,0.0594707866018888,30039,4991,2595
46.253,0,0,1504.08045078309,498.569812550663,0.0414416817696179,30082,4986,2414
46.254,0,0,1508.48377490723,498.848488891124,0.00760447752452396,30170,4988,2076
46.255,0,0,1511.44286904987,498.879664492984,-0.025226056686109,30229,4989,1748
46.256,0,0,1509.38311910492,498.460102365285,-0.064887257683349,30188,4985,1351
46.257,0,0,1506.4272760504,498.35769562956,-0.067950450794257,30129,4984,1320
46.258,0,0,1511.23446536557,496.982631129458,-0.023987234091727,30225,4970,1760
46.259,0,0,1512.8054166499,497.163358107955,0.0538412922487266,30256,4972,2538
46.26,0,0,1513.50457509531,497.397680859868,0.0656494262249157,30270,4974,2656
46.261,0,0,1515.93236265114,498.79624290423,0.0542521628882438,30319,4988,2543
46.262,0,0,1515.85752129373,498.818371826551,0.0147971902825096,30317,4988,2148
46.263,0,0,1513.79048157433,497.815397633561,-0.00933639378880297,30276,4978,1907
46.264,0,0,1512.35923078255,497.439459547715,-0.0506147619302918,30247,4974,1494
46.265,0,0,1515.97528032222,497.586509450097,-0.0945990186547066,30320,4976,1054
46.266,0,0,1513.93433968336,498.669520710388,-0.0450246684069208,30279,4987,1550
46.267,0,0,1513.26336250289,497.691059362931,0.0272800932793182,30265,4977,2273
46.268,0,0,1513.69926339589,498.105302509898,0.0663543910496484,30274,4981,2664
46.269,0,0,1508.96880784101,498.151171012199,0.056233491152765,30179,4982,2562
46.27,0,0,1508.64130234835,497.845680275122,0.0346581888265151,30173,4978,2347
46.271,0,0,1509.24181969071,496.929107641783,-0.00687620144631585,30185,4969,1931
46.272,0,0,1504.90034972163,497.47772048048,-0.0404485043899362,30098,4975,1596
46.273,0,0,1502.87591983511,498.083000025497,-0.0657657126787176,30058,4981,1342
46.274,0,0,1503.49055782661,498.240814716614,-0.0577584400878449,30070,4982,1422
46.275,0,0,1498.27703104582,497.881787795502,0.00859509479821901,29966,4979,2086
46.276,0,0,1500.01972793151,497.901147364508,0.0646883952709317,30000,4979,2647
46.277,0,0,1494.86862259663,497.415655800546,0.0662389929885231,29897,4974,2662
46.278,0,0,1496.27981348361,498.038155273523,0.0339040922170052,29926,4980,2339
46.279,0,0,1490.4010674945,499.439215978177,0.0100300901614711,29808,4994,2100
46.28,0,0,1488.98099548709,498.361982681609,-0.0223226202626945,29780,4984,1777
46.281,0,0,1491.22834592451,498.428153815236,-0.065103543926617,29825,4984,1349
46.282,0,0,1486.70951452004,498.172267128097,-0.08623887964979,29734,4982,1138
46.283,0,0,1486.54751407981,498.67053475738,-0.0194997696687195,29731,4987,1805
46.284,0,0,1479.91229831332,497.506634010778,0.0596042642618763,29598,4975,2596
46.285,0,0,1480.16750688259,497.566022809331,0.0676383227299855,29603,4976,2676
46.286,0,0,1481.57864808035,497.022503192165,0.0529744453100889,29632,4970,2530
46.287,0,0,1483.00163125719,498.316312850315,0.0206723868081008,29660,4983,2207
46.288,0,0,1484.25812166903,497.809515365477,0.00476901903443526,29685,4978,2048
46.289,0,0,1481.25884405834,497.328365114643,-0.0438489714843454,29625,4973,1562
46.29,0,0,1484.57795213961,498.083833948197,-0.0823241134156188,29692,4981,1177
46.291,0,0,1483.83924262485,498.98646226683,-0.0370748071202146,29677,4990,1629
46.292,0,0,1485.74935922332,497.663397387924,0.0281209075724716,29715,4977,2281
46.293,0,0,1490.44185718178,498.055172119015,0.074065764221273,29809,4981,2741
46.294,0,0,1491.01507541089,497.948602994863,0.0636717954750662,29820,4979,2637
46.295,0,0,1490.37572771797,498.957870778804,0.0177489676358081,29808,4990,2177
46.296,0,0,1492.53463906564,499.545801101924,0.0105963376081927,29851,4995,2106
46.297,0,0,1491.9506144502,499.308659082156,-0.0253752635879427,29839,4993,1746
46.298,0,0,1497.13425222857,497.908630855635,-0.074273553343133,29943,4979,1257
46.299,0,0,1498.27571249588,497.732050847418,-0.0633339149951243,29966,4977,1367
46.3,0,0,1501.74232069876,498.252270503118,0.0138856467489684,30035,4983,2139
46.301,0,0,1501.89466877079,498.03634684667,0.0604188406430714,30038,4980,2604
46.302,0,0,1504.00969405769,498.961102881929,0.0706837201682741,30080,4990,2707
46.303,0,0,1506.55986682972,499.612123120566,0.0368549184659782,30131,4996,2369
46.304,0,0,1511.94197987171,497.216613036521,0.00401465408708075,30239,4972,2040
46.305,0,0,1511.66414173601,498.383102372388,-0.0284486283237269,30233,4984,1716
46.306,0,0,1510.9565484976,498.844172043394,-0.0675728029419128,30219,4988,1324
46.307,0,0,1516.41684945058,499.323079405837,-0.066129444672122,30328,4993,1339
46.308,0,0,1521.36597714731,498.752957375217,-0.0171831972101393,30427,4988,1828
46.309,0,0,1521.2406346833,499.741361676254,0.0532996830846403,30425,4997,2533
46.31,0,0,1518.5463004085,497.855447695354,0.0718143343031142,30371,4979,2718
46.311,0,0,1517.66107674517,499.018248130618,0.051062203287217,30353,4990,2511
46.312,0,0,1517.74313926482,498.152471188088,0.0122409638898603,30355,4982,2122
46.313,0,0,1521.87534965733,497.816456509579,-0.0106973190133056,30438,4978,1893
46.314,0,0,1521.88056323335,497.924637777189,-0.056649818164122,30438,4979,1434
46.315,0,0,1520.56897538375,498.987269770743,-0.0884206723344532,30411,4990,1116
46.316,0,0,1518.72512556581,499.775632831787,-0.047508609038641,30375,4998,1525
46.317,0,0,1517.77222047246,498.143106347344,0.022195727728692,30355,4981,2222
46.318,0,0,1515.9802985103,499.270805863909,0.076966611394238,30320,4993,2770
46.319,0,0,1517.9752972908,497.424352422315,0.048159967130677,30360,4974,2482
46.32,0,0,1516.38394999097,499.698129202455,0.0318982789529468,30328,4997,2319
46.321,0,0,1512.70750931215,497.901951430092,0.00218911122276535,30254,4979,2022
46.322,0,0,1506.24961684943,499.560416280611,-0.033344892783566,30125,4996,1667
46.323,0,0,1505.77368487207,499.247382915505,-0.0721923242689774,30115,4992,1278
46.324,0,0,1503.42810702154,498.281546598605,-0.0613963126987959,30069,4983,1386
46.325,0,0,1501.58339571571,498.974635857346,0.00668596846033837,30032,4990,2067
46.326,0,0,1499.51762684951,499.451666242222,0.0656575316280961,29990,4995,2657
46.327,0,0,1502.84925981266,498.728587832551,0.0710368307468009,30057,4987,2710
46.328,0,0,1499.02899876266,499.636552831276,0.0386156137103434,29981,4996,2386
46.329,0,0,1495.95857316828,499.216706463094,0.010558148568033,29919,4992,2106
46.33,0,0,1494.58369125013,498.745966642183,-0.0270055641871611,29892,4987,1730
46.331,0,0,1489.86626619569,499.387397754657,-0.0624178225847859,29797,4994,1376
46.332,0,0,1488.89132213432,499.067080715447,-0.0786594300963184,29778,4991,1213
46.333,0,0,1488.37742830172,497.566134630377,-0.0215129418706325,29768,4976,1785
46.334,0,0,1490.88225149746,499.02171120548,0.0524179859539037,29818,4990,2524
46.335,0,0,1482.97765154946,499.876984558393,0.0631161082926388,29660,4999,2631
46.336,0,0,1486.19187135142,499.372309809182,0.0500100670355996,29724,4994,2500
46.337,0,0,1489.39954884609,498.844900690832,0.0220118390339389,29788,4988,2220
46.338,0,0,1486.35938414522,498.906945729944,-0.00944882248003481,29727,4989,1906
46.339,0,0,1486.75496416415,498.119063169015,-0.0351052138232006,29735,4981,1649
46.34,0,0,1488.82890854985,500.26733187377,-0.0750195121279013,29777,5003,1250
46.341,0,0,1485.40866529894,499.985779539001,-0.05040095775478,29708,5000,1496
46.342,0,0,1492.46662290265,498.235117736549,0.0299044112190641,29849,4982,2299
46.343,0,0,1486.0769421954,497.842678335644,0.0568868772241588,29722,4978,2569
46.344,0,0,1490.75477753863,499.457006159332,0.0566384385162196,29815,4995,2566
46.345,0,0,1493.22828735602,499.551055038444,0.023463064490075,29865,4996,2235
46.346,0,0,1492.72675708247,499.819465501542,0.00785573675845299,29855,4998,2079
46.347,0,0,1492.82187904698,499.178860166129,-0.0474402195278787,29856,4992,1526
46.348,0,0,1499.11537511241,499.507758714076,-0.0770609878066732,29982,4995,1229
46.349,0,0,1502.3676375385,499.438417059111,-0.0672671100954932,30047,4994,1327
46.35,0,0,1504.04666052036,499.005126616404,0.0106706747616246,30081,4990,2107
46.351,0,0,1503.64437112231,500.908241771058,0.0577534659821943,30073,5009,2578
46.352,0,0,1509.95829883774,498.492713502956,0.0671235786514017,30199,4985,2671
46.353,0,0,1512.91219157557,499.421352413829,0.0395428428835036,30258,4994,2395
46.354,0,0,1513.62903049836,501.106468831913,0.00748931451895977,30273,5011,2075
46.355,0,0,1512.74326077481,499.464971300122,-0.0203335720126004,30255,4995,1797
46.356,0,0,1515.47205499073,500.040829311421,-0.0737653126335332,30309,5000,1262
46.357,0,0,1516.13525114407,499.856311610256,-0.0850456773203643,30323,4999,1150
46.358,0,0,1520.94147718244,501.193736022263,-0.0321849009862571,30419,5012,1678
46.359,0,0,1520.98423359849,499.708530465949,0.0526978219289518,30420,4997,2527
46.36,0,0,1523.97263520481,499.306554401661,0.0730669696864106,30479,4993,2731
46.361,0,0,1520.00640601799,500.30622477448,0.0379894170840516,30400,5003,2380
46.362,0,0,1520.34436116858,500.66621659158,0.0091683401796282,30407,5007,2092
46.363,0,0,1523.15679835466,501.045988345307,0.00163656499336558,30463,5010,2016
46.364,0,0,1518.28781869755,500.969735571434,-0.0545983017091289,30366,5010,1454
46.365,0,0,1525.49329404719,501.944609417881,-0.084467696108903,30510,5019,1155
46.366,0,0,1523.36312413093,500.488326177197,-0.0385776928494339,30467,5005,1614
46.367,0,0,1518.37628398826,501.017532519285,0.0331931892182229,30368,5010,2332
46.368,0,0,1513.92184565548,500.39248544381,0.0786146484621089,30278,5004,2786
46.369,0,0,1518.05159939241,500.13402228644,0.0563425461450743,30361,5001,2563
46.37,0,0,1512.43162455146,501.142952501071,0.0254083652309004,30249,5011,2254
46.371,0,0,1513.2377937299,500.341106580505,-0.00900629395789513,30265,5003,1910
46.372,0,0,1513.97943346568,500.007344691072,-0.0423496111988339,30280,5000,1577
46.373,0,0,1509.73205596673,499.877661527637,-0.0873569391314983,30195,4999,1126
46.374,0,0,1506.12945518195,501.30736273982,-0.0657244919376334,30123,5013,1343
46.375,0,0,1502.06760011016,500.282094522275,0.00605404094002451,30041,5003,2061
46.376,0,0,1498.58892887681,501.227957681696,0.0598429764973394,29972,5012,2598
46.377,0,0,1497.11742576135,501.157892607044,0.0617328738218293,29942,5012,2617
46.378,0,0,1499.78046247496,501.289287547465,0.0203288775000905,29996,5013,2203
46.379,0,0,1496.12630125932,498.984267365166,0.00513120959512913,29923,4990,2051
46.38,0,0,1492.91703303924,501.530777832639,-0.0269725241635903,29858,5015,1730
46.381,0,0,1489.50541850972,500.668435022802,-0.0701459373038874,29790,5007,1299
46.382,0,0,1488.0076718974,501.828286182703,-0.0680995472244324,29760,5018,1319
46.383,0,0,1489.81913613458,500.819728900962,-0.0271043329649811,29796,5008,1729
46.384,0,0,1486.41977477737,500.340289971108,0.0590225980625724,29728,5003,2590
46.385,0,0,1484.94190547947,501.555375531104,0.0797245231837811,29699,5016,2797
46.386,0,0,1483.52261387941,500.804217838585,0.0383790352675365,29670,5008,2384
46.387,0,0,1481.5433867116,501.058674499578,0.016302629098206,29631,5011,2163
46.388,0,0,1485.80336055164,501.697456056843,-0.0106732681472302,29716,5017,1893
46.389,0,0,1487.76395787396,501.337416552375,-0.058816348462968,29755,5013,1412
46.39,0,0,1490.03664688928,501.097204320003,-0.0922134535736742,29801,5011,1078
46.391,0,0,1489.8095197759,500.759278833033,-0.0368634037148399,29796,5008,1631
46.392,0,0,1486.87724581518,500.836164882088,0.0354128172320147,29738,5008,2354
46.393,0,0,1491.75544821781,501.206709403095,0.0795758780750846,29835,5012,2796
46.394,0,0,1489.39966383206,502.109017498595,0.0514478469500619,29788,5021,2514
46.395,0,0,1492.89178140464,500.310843202232,0.02757335006468,29858,5003,2276
46.396,0,0,1492.82485716128,500.541003620868,0.0105497136045675,29856,5005,2105
46.397,0,0,1493.61247915247,501.368943283281,-0.0344950481545181,29872,5014,1655
46.398,0,0,1493.35391353596,501.081928481807,-0.0696043456739476,29867,5011,1304
46.399,0,0,1500.59717594001,501.42857252844,-0.062827914917162,30012,5014,1372
46.4,0,0,1500.83346760642,502.140500212277,0.00848656480575754,30017,5021,2085
46.401,0,0,1502.50080129289,500.834276531307,0.0683861807090785,30050,5008,2684
46.402,0,0,1502.57711840376,501.758439276511,0.060098469698726,30052,5018,2601
46.403,0,0,1511.43515565953,502.093916442841,0.0372580614396298,30229,5021,2373
46.404,0,0,1512.83419374287,502.033726798466,0.0166090548090895,30257,5020,2166
46.405,0,0,1513.13203298664,501.220033098546,-0.0284274367497254,30263,5012,1716
46.406,0,0,1514.52352723997,501.351456700996,-0.0595495444192629,30290,5014,1405
46.407,0,0,1516.98165568483,501.844165366059,-0.0798193690719042,30340,5018,1202
46.408,0,0,1517.96751327271,502.237328447043,-0.0203082425555192,30359,5022,1797
46.409,0,0,1517.50455270311,501.224870514162,0.0446200760536073,30350,5012,2446
46.41,0,0,1518.77324380299,500.376883940664,0.0633511083016677,30375,5004,2634
46.411,0,0,1521.34020772439,501.578910580459,0.0380716238327235,30427,5016,2381
46.412,0,0,1525.17698708947,502.137987357214,0.0218087497337184,30504,5021,2218
46.413,0,0,1518.11835121294,503.196807568711,-0.0189581461831445,30362,5032,1810
46.414,0,0,1518.20427987135,500.424373762109,-0.0488717810947359,30364,5004,1511
46.415,0,0,1518.43448878496,501.410851859837,-0.071451397385164,30369,5014,1285
46.416,0,0,1518.61103701581,500.868023262989,-0.0492178766395288,30372,5009,1508
46.417,0,0,1518.86483743764,502.546864698297,0.027078817375457,30377,5025,2271
46.418,0,0,1515.86011356917,501.514169020159,0.0727879710650416,30317,5015,2728
46.419,0,0,1511.38567923218,503.412631405966,0.0453352782152425,30228,5034,2453
46.42,0,0,1512.38594573496,500.937742480147,0.0254885133645798,30248,5009,2255
46.421,0,0,1510.40677193991,502.083886985244,-0.00220524214224596,30208,5021,1978
46.422,0,0,1509.60705004042,501.578905113554,-0.0301673659324545,30192,5016,1698
46.423,0,0,1503.66886913328,501.844920753951,-0.0780571676674816,30073,5018,1219
46.424,0,0,1504.22432662579,500.331477050216,-0.0773302917147665,30084,5003,1227
46.425,0,0,1500.01156762713,501.019447345363,0.00438913067705975,30000,5010,2044
46.426,0,0,1499.64828710042,501.990247448967,0.0585879390376067,29993,5020,2586
46.427,0,0,1498.73563038088,502.353220560139,0.0659516877130165,29975,5024,2660
46.428,0,0,1491.43055201427,501.76918522828,0.0375063063257952,29829,5018,2375
46.429,0,0,1488.80550457851,500.850489539943,0.0168920013300824,29776,5009,2169
46.43,0,0,1490.22789332952,502.908165287877,-0.0195415878452875,29805,5029,1805
46.431,0,0,1487.7159308776,502.151681329592,-0.056056973343403,29754,5022,1439
46.432,0,0,1485.13304822389,500.665815072151,-0.0764959639760927,29703,5007,1235
46.433,0,0,1481.31442222133,501.634198102024,-0.028960392218517,29626,5016,1710
46.434,0,0,1484.53536871374,500.492337946411,0.0567997541600632,29691,5005,2568
46.435,0,0,1482.6638158296,501.138977226873,0.0734654917349265,29653,5011,2735
46.436,0,0,1485.22604081491,502.016453183501,0.0516550964703949,29705,5020,2517
46.437,0,0,1477.52869842891,502.438445710281,0.0129498472983493,29551,5024,2129
46.438,0,0,1481.75183837127,501.59979555784,-0.0186822928904133,29635,5016,1813
46.439,0,0,1482.44671933925,501.731790832154,-0.0525025494943814,29649,5017,1475
46.44,0,0,1483.20717062141,500.778921357147,-0.0781996196657457,29664,5008,1218
46.441,0,0,1486.654689238,501.262491732001,-0.0349187023978303,29733,5013,1651
46.442,0,0,1484.95398854291,500.363267209807,0.0324907600930158,29699,5004,2325
46.443,0,0,1483.49980049418,502.255415323075,0.0750277070205593,29670,5023,2750
46.444,0,0,1485.61015428594,501.30628220186,0.0614084307120286,29712,5013,2614
46.445,0,0,1490.7110562122,501.124990663108,0.0221796785867699,29814,5011,2222
46.446,0,0,1489.98067988991,501.939051013871,0.000184580714969054,29800,5019,2002
46.447,0,0,1492.00170646454,501.117247596498,-0.0340742223073533,29840,5011,1659
46.448,0,0,1491.58469373104,503.105986488615,-0.0813792965982391,29832,5031,1186
46.449,0,0,1493.32686745155,502.190903668186,-0.0562890244123315,29867,5022,1437
46.45,0,0,1500.92063897503,501.911145591416,0.00506735341736053,30018,5019,2051
46.451,0,0,1500.51970862219,501.303624317092,0.0713490934320676,30010,5013,2713
46.452,0,0,1503.40646336034,502.11052355965,0.0635561451117474,30068,5021,2636
46.453,0,0,1504.82043233963,501.951415319912,0.0342780356503074,30096,5020,2343
46.454,0,0,1503.18777042078,501.355606264123,0.00878896808763717,30064,5014,2088
46.455,0,0,1509.46358788695,502.040228637359,-0.0127866124805825,30189,5020,1872
46.456,0,0,1510.62072559397,500.390858750671,-0.0713766580674943,30212,5004,1286
46.457,0,0,1512.64844881587,502.639878273174,-0.0683007021680908,30253,5026,1317
46.458,0,0,1506.90171183063,502.198697749622,-0.0323044294769708,30138,5022,1677
46.459,0,0,1513.75656774214,503.010964682736,0.0662730750709981,30275,5030,2663
46.46,0,0,1514.10955098945,501.713463452748,0.0806570742934936,30282,5017,2807
46.461,0,0,1514.16017923397,501.91345759783,0.0536997048956204,30283,5019,2537
46.462,0,0,1515.92134942079,502.309007239738,0.00655278928296125,30318,5023,2066
46.463,0,0,1514.24402941371,500.663651979114,-0.00486908965651014,30285,5007,1951
46.464,0,0,1514.32311348166,502.362103267297,-0.0462026452643118,30286,5024,1538
46.465,0,0,1514.49997802179,501.886096122257,-0.0787643126321761,30290,5019,1212
46.466,0,0,1514.00183944613,502.411417508747,-0.0357748909417005,30280,5024,1642
46.467,0,0,1509.73894529245,502.90887881946,0.0278874292717606,30195,5029,2279
46.468,0,0,1509.05580442489,502.007568218314,0.080836533831096,30181,5020,2808
46.469,0,0,1509.8363432127,501.824698830988,0.0595282132731203,30197,5018,2595
46.47,0,0,1508.63677887602,501.291262580599,0.0199455203016391,30173,5013,2199
46.471,0,0,1504.91853952045,501.750408591879,0.00181276452816604,30098,5018,2018
46.472,0,0,1503.88960900805,502.18345016211,-0.0434308756655446,30078,5022,1566
46.473,0,0,1499.17631247833,501.237880371232,-0.0699889461803382,29984,5012,1300
46.474,0,0,1496.34599268957,502.256068575494,-0.0707181894259784,29927,5023,1293
46.475,0,0,1496.8680519948,501.045413927684,-0.00178833394479651,29937,5010,1982
46.476,0,0,1496.46244248224,502.15465125453,0.0627196581790085,29929,5022,2627
46.477,0,0,1488.80494119245,501.924404337075,0.068831474232611,29776,5019,2688
46.478,0,0,1490.40379763604,500.491926838109,0.029689155273236,29808,5005,2297
46.479,0,0,1488.63343772465,501.819332367335,0.0103207875882054,29773,5018,2103
46.48,0,0,1486.94674191872,501.302817598625,-0.0215228348128271,29739,5013,1785
46.481,0,0,1481.51035554799,500.320161855322,-0.0707708975274574,29630,5003,1292
46.482,0,0,1482.53409275985,501.844999974787,-0.0702137447878638,29651,5018,1298
46.483,0,0,1479.5037878098,502.492987511935,-0.0218588440603022,29590,5025,1781
46.484,0,0,1479.56388623154,501.458173231129,0.045467327739932,29591,5015,2455
46.485,0,0,1480.06369437003,501.848099921492,0.0768822717142113,29601,5018,2769
46.486,0,0,1477.9173428847,501.680055985169,0.0405849464678825,29558,5017,2406
46.487,0,0,1478.02993451216,501.616585198579,0.0134263408838701,29561,5016,2134
46.488,0,0,1479.36661413535,500.555733554155,-0.00515288137535072,29587,5006,1948
46.489,0,0,1476.66084672912,502.711526552107,-0.0506508477602874,29533,5027,1493
46.49,0,0,1482.46592002331,501.287324701659,-0.0874896691712023,29649,5013,1125
46.491,0,0,1479.69187686723,501.990899482616,-0.0384506616923818,29594,5020,1615
46.492,0,0,1481.19934976933,502.547656852535,0.0319919364143766,29624,5025,2320
46.493,0,0,1483.1392368461,502.455716037361,0.0810683041939033,29663,5025,2811
46.494,0,0,1479.32675849679,501.750223653533,0.0599541595549136,29587,5018,2600
46.495,0,0,1487.04648158912,501.446672955683,0.0301768482816842,29741,5014,2302
46.496,0,0,1486.80483009401,501.644775255299,-0.00503811380031509,29736,5016,1950
46.497,0,0,1490.39713821161,501.630198569617,-0.0421809559770002,29808,5016,1578
46.498,0,0,1491.00390992394,501.817347470851,-0.0667590762165953,29820,5018,1332
46.499,0,0,1492.69677206941,501.639078037409,-0.0638521575462764,29854,5016,1361
46.5,0,0,1496.46717780754,499.394706516076,0.00229278449600155,29929,4994,2023
46.501,0,0,1498.15589877277,502.607425772606,0.0645786207481213,29963,5026,2646
46.502,0,0,1505.31104183562,500.249593635912,0.0645756663863576,30106,5002,2646
46.503,0,0,1505.31595556897,502.406377391406,0.0231518041557525,30106,5024,2232
46.504,0,0,1506.07765190719,501.924998468984,0.00981317521112573,30122,5019,2098
46.505,0,0,1507.66490452486,502.424123075272,-0.0265818320296054,30153,5024,1734
46.506,0,0,1509.79989350443,501.576137339854,-0.0683518079051268,30196,5016,1316
46.507,0,0,1512.79061379428,501.702474343936,-0.0802843816111917,30256,5017,1197
46.508,0,0,1510.06754187918,501.629699932896,-0.02823792829126,30201,5016,1718
46.509,0,0,1514.00993081092,501.874204134783,0.0569205261257212,30280,5019,2569
46.51,0,0,1512.05139795747,502.397322844597,0.0654261014665845,30241,5024,2654
46.511,0,0,1516.6801953605,500.052827020438,0.0416409201947063,30334,5001,2416
46.512,0,0,1512.01345250333,501.079978469511,0.0124907257202612,30240,5011,2125
46.513,0,0,1512.73174834353,501.512002802794,-0.0229444115637587,30255,5015,1771
46.514,0,0,1512.07213010937,500.833531695214,-0.0486039051819986,30241,5008,1514
46.515,0,0,1512.36232009531,501.703247587799,-0.0810016952294812,30247,5017,1190
46.516,0,0,1510.00216168522,500.931191272573,-0.0477469225635257,30200,5009,1523
46.517,0,0,1511.00048261397,500.300231059453,0.035995408231024,30220,5003,2360
46.518,0,0,1512.65286569094,501.542287844501,0.0718125784026107,30253,5015,2718
46.519,0,0,1511.37215588302,501.303749328592,0.0667960251156303,30227,5013,2668
46.52,0,0,1505.53685017862,503.176882829838,0.02831014183819,30111,5032,2283
46.521,0,0,1504.15707567724,501.452971400389,-0.000202018752598758,30083,5015,1998
46.522,0,0,1504.62158323969,500.530396743941,-0.0291274291070315,30092,5005,1709
46.523,0,0,1500.19225770118,501.313721893511,-0.0804094785802229,30004,5013,1196
46.524,0,0,1499.33387733493,500.622512236004,-0.0722278345129471,29987,5006,1278
46.525,0,0,1497.41541813946,501.730292468066,-0.00490375057215598,29948,5017,1951
46.526,0,0,1494.6244109233,501.002911937517,0.0506303312734162,29892,5010,2506
46.527,0,0,1491.04621305422,500.320742817766,0.0669754462506338,29821,5003,2670
46.528,0,0,1487.525326087,501.993531041875,0.0401090823270405,29751,5020,2401
46.529,0,0,1486.85932800318,500.127713218451,0.0129099991727662,29737,5001,2129
46.53,0,0,1482.31691433372,501.043939839111,-0.0233971834528449,29646,5010,1766
46.531,0,0,1484.91503521242,501.451052432029,-0.0647814667625713,29698,5015,1352
46.532,0,0,1479.81464086487,501.332772334955,-0.072599632427754,29596,5013,1274
46.533,0,0,1481.17872645804,500.719137315468,-0.0260675773322439,29624,5007,1739
46.534,0,0,1481.09555523638,500.172321360914,0.0489311273141272,29622,5002,2489
46.535,0,0,1479.79802731327,500.24908567931,0.0651333669328607,29596,5002,2651
46.536,0,0,1478.30214846745,500.609271180692,0.047023846672978,29566,5006,2470
46.537,0,0,1479.21017330325,500.753733408468,0.0258296387886164,29584,5008,2258
46.538,0,0,1480.84204709556,500.722351400056,-0.00995184461837577,29617,5007,1900
46.539,0,0,1479.61901206438,501.762302879376,-0.0587122971339379,29592,5018,1413
46.54,0,0,1476.7967661642,500.449184858183,-0.0643548885430112,29536,5004,1356
46.541,0,0,1477.38142105824,501.585786060684,-0.0522814794712023,29548,5016,1477
46.542,0,0,1482.78664075817,498.054002461449,0.0253312261882333,29656,4981,2253
46.543,0,0,1483.84254361083,501.370837745269,0.0681983099122112,29677,5014,2682
46.544,0,0,1482.98586456997,499.084117342265,0.0601282710824778,29660,4991,2601
46.545,0,0,1488.71600351553,500.189658375776,0.0256779388302623,29774,5002,2257
46.546,0,0,1490.91331268537,500.814881388832,0.00356903305774085,29818,5008,2036
46.547,0,0,1490.45997433785,501.193633740317,-0.0472653794176052,29809,5012,1527
46.548,0,0,1493.62121605448,500.651455118716,-0.0818467240019278,29872,5007,1182
46.549,0,0,1496.83564254743,500.414280844196,-0.0624116456781883,29937,5004,1376
46.55,0,0,1494.97820325652,500.818901455728,-0.00348016588793947,29900,5008,1965
46.551,0,0,1499.66841894927,500.09742590855,0.0753808710542527,29993,5001,2754
46.552,0,0,1503.13244905763,499.474708513434,0.0720377736609309,30063,4995,2720
46.553,0,0,1505.79199446326,500.643674965076,0.0321259409442907,30116,5006,2321
46.554,0,0,1505.75208826249,498.259370841802,0.011021220805199,30115,4983,2110
46.555,0,0,1506.6772822377,499.737524470429,-0.0302371236101367,30134,4997,1698
46.556,0,0,1507.31486497719,500.202429824198,-0.0692245640938896,30146,5002,1308
46.557,0,0,1512.97852325931,500.259103869172,-0.0906139525193053,30260,5003,1094
46.558,0,0,1514.73207991944,499.690207895338,-0.0175324579266999,30295,4997,1825
46.559,0,0,1515.96051010117,500.026839791882,0.0581897222455184,30319,5000,2582
46.56,0,0,1516.0545146213,499.363422645523,0.0611090267925326,30321,4994,2611
46.561,0,0,1517.33330418999,499.790428619251,0.0517385293895456,30347,4998,2517
46.562,0,0,1519.76136967599,498.905318742543,0.0240850862539533,30395,4989,2241
46.563,0,0,1516.94871980519,500.47145862637,-0.00854188525444828,30339,5005,1915
46.564,0,0,1513.01433879225,499.546777270453,-0.0485175962079254,30260,4995,1515
46.565,0,0,1516.53126817749,499.126569353211,-0.0875083914967335,30331,4991,1125
46.566,0,0,1518.56450437378,498.902145721368,-0.0376009667582694,30371,4989,1624
46.567,0,0,1518.93265876038,500.894863850229,0.0247600814163069,30379,5009,2248
46.568,0,0,1516.42239152769,500.774197620916,0.0733439874748371,30328,5008,2733
46.569,0,0,1513.21404019215,499.783685607783,0.0589993718747917,30264,4998,2590
46.57,0,0,1514.18498256385,500.063526016316,0.0242245378917215,30284,5001,2242
46.571,0,0,1505.4114884411,498.437163110308,0.0056101427811315,30108,4984,2056
46.572,0,0,1507.37432723177,498.788221639894,-0.0398019394798797,30147,4988,1602
46.573,0,0,1506.23474017056,500.119993467755,-0.0830819386711724,30125,5001,1169
46.574,0,0,1500.85589392703,499.786904935744,-0.0544721550271439,30017,4998,1455
46.575,0,0,1500.49307740871,499.975159450712,0.0132560317860875,30010,5000,2133
46.576,0,0,1495.10961127303,498.148844104591,0.0705440249271776,29902,4981,2705
46.577,0,0,1495.45162870494,499.507507874862,0.0728309249106399,29909,4995,2728
46.578,0,0,1494.26399729378,498.733465057955,0.034289788897113,29885,4987,2343
46.579,0,0,1494.40008479677,498.994221868353,0.00401960925715438,29888,4990,2040
46.58,0,0,1488.87967673645,499.650206033591,-0.0310615645765446,29778,4997,1689
46.581,0,0,1489.42655143597,498.982455495633,-0.0698759967941292,29789,4990,1301
46.582,0,0,1486.38104139959,499.470367010446,-0.0776327146263769,29728,4995,1224
46.583,0,0,1488.90252962932,499.707276449268,-0.00814331808835901,29778,4997,1919
46.584,0,0,1488.07791570569,497.696862643722,0.0476340620001071,29762,4977,2476
46.585,0,0,1485.72747925998,499.238131127156,0.0660825545448388,29715,4992,2661
46.586,0,0,1480.38761162272,500.033328973457,0.0428961005130958,29608,5000,2429
46.587,0,0,1479.20152927128,498.580607115621,0.0187983678702428,29584,4986,2188
46.588,0,0,1482.61017654742,498.909103898718,-0.011314030174957,29652,4989,1887
46.589,0,0,1485.30361181093,499.652917912724,-0.0568045153605461,29706,4997,1432
46.59,0,0,1484.7736367915,500.006637234622,-0.0794082252814982,29695,5000,1206
46.591,0,0,1484.3103782853,498.966705248807,-0.0343885223914005,29686,4990,1656
46.592,0,0,1486.44805757863,499.498837034875,0.0276672698984297,29729,4995,2277
46.593,0,0,1485.43892376277,499.660374128369,0.0749197675516954,29709,4997,2749
46.594,0,0,1487.34463141382,498.186447050547,0.0525258224291477,29747,4982,2525
46.595,0,0,1492.42968324848,498.490325682206,0.0120984469455217,29849,4985,2121
46.596,0,0,1494.10091594113,499.90875855327,-0.00432932163602757,29882,4999,1957
46.597,0,0,1499.07346892504,497.991572783182,-0.043130587863049,29981,4980,1569
46.598,0,0,1495.74234821512,498.452758370533,-0.0824439371502086,29915,4985,1176
46.599,0,0,1497.30002523794,498.561639876021,-0.0647200477012159,29946,4986,1353
46.6,0,0,1501.03103225844,497.5349734975,0.012123671124678,30021,4975,2121
46.601,0,0,1503.23688541899,499.037960393241,0.0682916946959828,30065,4990,2683
46.602,0,0,1503.27298768314,499.789271730909,0.0686988841997856,30065,4998,2687
46.603,0,0,1509.09321869325,499.067224345676,0.0415731647981562,30182,4991,2416
46.604,0,0,1511.50255652998,499.084271486986,0.00962919495129236,30230,4991,2096
46.605,0,0,1513.05405390195,498.357985634433,-0.0212022833362107,30261,4984,1788
46.606,0,0,1514.39382371993,499.254175741495,-0.0716392454189764,30288,4993,1284
46.607,0,0,1514.41604726116,498.037457374334,-0.0816712844218571,30288,4980,1183
46.608,0,0,1519.72615558015,498.087774698639,-0.0240708274609237,30395,4981,1759
46.609,0,0,1522.75858776046,499.337732893431,0.0596773602928351,30455,4993,2597
46.61,0,0,1521.75188012213,498.481490398638,0.0667845722386578,30435,4985,2668
46.611,0,0,1517.95744098004,497.813674339555,0.0433646223887928,30359,4978,2434
46.612,0,0,1522.77824037657,498.582634425995,0.015191083177631,30456,4986,2152
46.613,0,0,1521.2793840301,498.733551256424,-0.00699706917920037,30426,4987,1930
46.614,0,0,1519.9613312769,497.985906392729,-0.0484881445437509,30399,4980,1515
46.615,0,0,1519.55355371154,498.099170306648,-0.0873778971500854,30391,4981,1126
46.616,0,0,1517.96634324689,497.634787161681,-0.0459943613043976,30359,4976,1540
46.617,0,0,1520.05867215808,497.677084705916,0.023668744612049,30401,4977,2237
46.618,0,0,1519.48688891321,497.890288006968,0.0745532658033463,30390,4979,2746
46.619,0,0,1512.69012845819,498.28573801566,0.0620468033421864,30254,4983,2620
46.62,0,0,1514.18465236371,497.711352720381,0.0332110297343282,30284,4977,2332
46.621,0,0,1511.08169331995,497.989827482696,-0.0124571284666006,30222,4980,1875
46.622,0,0,1512.69107741782,498.730926186547,-0.0321420590899939,30254,4987,1679
46.623,0,0,1508.51390109858,498.495474773401,-0.0758721491027384,30170,4985,1241
46.624,0,0,1506.46048394302,498.328965319023,-0.0657195320232773,30129,4983,1343
46.625,0,0,1505.2661880779,497.727795469059,-0.00182198694592794,30105,4977,1982
46.626,0,0,1502.06675243083,498.327430157036,0.0747659972029316,30041,4983,2748
46.627,0,0,1498.57533067076,497.20043237295,0.0623341796056831,29972,4972,2623
46.628,0,0,1496.78540821909,498.894311144544,0.0408774367564908,29936,4989,2409
46.629,0,0,1495.75597501472,499.105945704152,0.00636051670822628,29915,4991,2064
46.63,0,0,1491.33147115406,497.879486792569,-0.0253164943489872,29827,4979,1747
46.631,0,0,1488.62327968515,497.69624678538,-0.0712936711925469,29772,4977,1287
46.632,0,0,1491.67083966825,498.382790035692,-0.0809846939774212,29833,4984,1190
46.633,0,0,1491.26052488395,497.816817851075,-0.0224986977690261,29825,4978,1775
46.634,0,0,1488.20942179405,497.509507656698,0.0483819853987408,29764,4975,2484
46.635,0,0,1486.42050283765,499.086739908771,0.0847467591684833,29728,4991,2847
46.636,0,0,1488.19109494088,497.883147564819,0.0410897683580386,29764,4979,2411
46.637,0,0,1487.0275416103,496.906999334434,0.0196481255796553,29741,4969,2196
46.638,0,0,1486.10969633432,498.75273525251,-0.00444683707141004,29722,4988,1956
46.639,0,0,1485.93306659233,497.656526431768,-0.0492104685348437,29719,4977,1508
46.64,0,0,1486.65754051536,497.241865913765,-0.0916696467595297,29733,4972,1083
46.641,0,0,1491.08198897883,498.674998479954,-0.0407085350075655,29822,4987,1593
46.642,0,0,1490.70583593195,497.887822130797,0.0326660538021022,29814,4979,2327
46.643,0,0,1488.28856966105,497.368703503286,0.0698678681088214,29766,4974,2699
46.644,0,0,1492.97294031878,498.565560231827,0.0580427803758459,29859,4986,2580
46.645,0,0,1494.91604402873,499.068698084629,0.0157009493600399,29898,4991,2157
46.646,0,0,1494.74121466539,498.226387376821,-0.000631349929410352,29895,4982,1994
46.647,0,0,1494.85094024881,498.352298257084,-0.0327699858775849,29897,4984,1672
46.648,0,0,1499.12344963615,496.82132472175,-0.0682217742941529,29982,4968,1318
46.649,0,0,1500.3244758033,499.230901965371,-0.0670130299266815,30006,4992,1330
46.65,0,0,1505.85844074659,498.668762495704,6.62507583667638e-05,30117,4987,2001
46.651,0,0,1508.2693854126,498.24602441231,0.0575335220862946,30165,4982,2575
46.652,0,0,1502.0186524007,497.946162547158,0.0645385947964499,30040,4979,2645
46.653,0,0,1508.41395106619,498.023323351725,0.0310581828746218,30168,4980,2311
46.654,0,0,1510.93369899003,497.381768604549,0.00962809984696995,30219,4974,2096
46.655,0,0,1511.80976488759,497.764757125597,-0.0230900400443795,30236,4978,1769
46.656,0,0,1515.21632976968,497.669940022905,-0.0623659821757661,30304,4977,1376
46.657,0,0,1517.15714880338,498.218688969459,-0.079690583117766,30343,4982,1203
46.658,0,0,1515.48679471149,497.709530888006,-0.0249399609484563,30310,4977,1751
46.659,0,0,1519.03926593947,497.81006177217,0.0535916517671965,30381,4978,2536
46.66,0,0,1517.64878805882,498.099617826523,0.0736260382493721,30353,4981,2736
46.661,0,0,1521.47508305903,498.907790095918,0.048719300076273,30430,4989,2487
46.662,0,0,1522.84990407109,498.503843864689,0.0218169011648421,30457,4985,2218
46.663,0,0,1520.94795294288,496.533853092786,-0.0122847750173468,30419,4965,1877
46.664,0,0,1522.74830566907,497.926199245787,-0.0567169287643406,30455,4979,1433
46.665,0,0,1522.36498344699,497.1673371841,-0.0819853107645507,30447,4972,1180
46.666,0,0,1517.46607147986,497.797641270368,-0.0412668757861902,30349,4978,1587
46.667,0,0,1515.52360408434,497.892286877667,0.0219209454933993,30310,4979,2219
46.668,0,0,1513.97979659375,498.831618563972,0.0683230407332656,30280,4988,2683
46.669,0,0,1519.11555083661,497.255773247038,0.0496718392829438,30382,4973,2497
46.67,0,0,1516.00170171939,496.861940310984,0.0338676214801334,30320,4969,2339
46.671,0,0,1513.64226125313,498.54155594416,-0.00330718674717703,30273,4985,1967
46.672,0,0,1508.09533503053,498.419044647256,-0.0311431081207006,30162,4984,1689
46.673,0,0,1504.98953892204,496.384607296944,-0.0715909450824201,30100,4964,1284
46.674,0,0,1507.68724270319,497.453426754725,-0.0625579930624325,30154,4975,1374
46.675,0,0,1503.13509001062,496.849032014633,0.00352276272309643,30063,4968,2035
46.676,0,0,1500.15801436676,498.616504261207,0.0610106351805323,30003,4986,2610
46.677,0,0,1496.78161049364,498.654120229151,0.0750719066837758,29936,4987,2751
46.678,0,0,1495.32641598381,498.845510026582,0.0403794845771505,29907,4988,2404
46.679,0,0,1493.46750387938,499.461279535285,0.0157019744619471,29869,4995,2157
46.68,0,0,1493.70411295998,498.428162707102,-0.0201724063651343,29874,4984,1798
46.681,0,0,1490.76967491711,497.521681925033,-0.0578365000467079,29815,4975,1422
46.682,0,0,1483.90194208139,499.069658239538,-0.0705823594143646,29678,4991,1294
46.683,0,0,1488.4551887217,497.104248072969,-0.0106808520074222,29769,4971,1893
46.684,0,0,1485.10121378618,498.024196723621,0.0505603923449513,29702,4980,2506
46.685,0,0,1482.05200361706,499.386418629748,0.071755023622881,29641,4994,2718
46.686,0,0,1484.43802131662,498.200945794656,0.0449930644490022,29689,4982,2450
46.687,0,0,1482.45458922028,498.363638860731,0.00930812032930481,29649,4984,2093
46.688,0,0,1486.84524844072,498.591747773213,-0.00307316800500339,29737,4986,1969
46.689,0,0,1485.99528468538,497.785647365396,-0.0540974809175081,29720,4978,1459
46.69,0,0,1482.64514027363,497.594628885861,-0.0791974011498472,29653,4976,1208
46.691,0,0,1488.05415042586,497.981905634844,-0.0478032529889179,29761,4980,1522
46.692,0,0,1484.44030361383,497.98311169195,0.0267634646090076,29689,4980,2268
46.693,0,0,1489.91680363742,498.68027129274,0.0657355712529013,29798,4987,2657
46.694,0,0,1490.40103361519,498.370527553088,0.0619093456264109,29808,4984,2619
46.695,0,0,1494.41701614861,498.53992370245,0.0296386726976702,29888,4985,2296
46.696,0,0,1494.54818697092,498.313835180492,0.00146533229624741,29891,4983,2015
46.697,0,0,1494.91845035283,497.44583491828,-0.0500737302378269,29898,4974,1499
46.698,0,0,1497.93066890917,498.169681973424,-0.0738400325029238,29959,4982,1262
46.699,0,0,1501.03514604855,498.336998044463,-0.0572167659987401,30021,4983,1428
46.7,0,0,1501.02610590484,498.185001740133,0.00408334914522717,30021,4982,2041
46.701,0,0,1502.32958220128,499.458573420361,0.0681478970105412,30047,4995,2681
46.702,0,0,1503.43626466488,498.830650467051,0.0742074629402138,30069,4988,2742
46.703,0,0,1506.854314613,498.297297010488,0.0356596141642046,30137,4983,2357
46.704,0,0,1506.98705819591,498.758995220803,0.0149797382494916,30140,4988,2150
46.705,0,0,1510.65547363711,499.182090505018,-0.0196123223399436,30213,4992,1804
46.706,0,0,1512.59371496665,498.488763637553,-0.0685881375035353,30252,4985,1314
46.707,0,0,1515.42680369255,498.688669145608,-0.0792442329186742,30309,4987,1208
46.708,0,0,1517.81702759651,498.547951566426,-0.021044615950451,30356,4985,1790
46.709,0,0,1517.28010242657,498.9570301944,0.0565053160650011,30346,4990,2565
46.71,0,0,1519.85863163609,497.492613303547,0.0747203265372449,30397,4975,2747
46.711,0,0,1521.23635550212,499.106086969992,0.0365039246410412,30425,4991,2365
46.712,0,0,1516.02723366286,499.369143075916,0.0212718713022534,30321,4994,2213
46.713,0,0,1516.14510549158,498.654543050734,-0.014979822507234,30323,4987,1850
46.714,0,0,1518.78215392773,499.248906358097,-0.0534119925946731,30376,4992,1466
46.715,0,0,1520.77766715628,499.791458140563,-0.0944698016290761,30416,4998,1055
46.716,0,0,1516.56282368033,499.319966112824,-0.0473120183685558,30331,4993,1527
46.717,0,0,1512.20712978223,498.875540660369,0.0330674758755924,30244,4989,2331
46.718,0,0,1511.8771802273,498.668288720223,0.0817500472357044,30238,4987,2818
46.719,0,0,1509.80920369502,498.316564243586,0.065633980965683,30196,4983,2656
46.72,0,0,1507.2706904657,499.619371329416,0.0318298236654174,30145,4996,2318
46.721,0,0,1507.75736122795,500.129756961945,0.0113183344782619,30155,5001,2113
46.722,0,0,1505.90349128116,499.03521570709,-0.0420814440753352,30118,4990,1579
46.723,0,0,1504.09303603844,499.588280563815,-0.0828773476784832,30082,4996,1171
46.724,0,0,1502.60526741486,499.327822403079,-0.0578209879090413,30052,4993,1422
46.725,0,0,1496.75693321914,499.737828646053,0.00727969325801779,29935,4997,2073
46.726,0,0,1499.15261865614,499.101468869001,0.067382909143906,29983,4991,2674
46.727,0,0,1495.5475972828,499.003897623772,0.0655194866839034,29911,4990,2655
46.728,0,0,1491.51208739867,498.93221664254,0.0489531971148313,29830,4989,2490
46.729,0,0,1489.40246503331,499.878102198766,0.0145696052680698,29788,4999,2146
46.73,0,0,1485.37834184792,499.367255275665,-0.0153425979337998,29708,4994,1847
46.731,0,0,1487.39510680642,498.852368322815,-0.0700227009256591,29748,4989,1300
46.732,0,0,1485.84771085818,498.530253004342,-0.0705066002860957,29717,4985,1295
46.733,0,0,1485.2504024967,498.729457394726,-0.0256873581520933,29705,4987,1743
46.734,0,0,1481.94848276432,500.471317357665,0.0500532578484499,29639,5005,2501
46.735,0,0,1483.09460962921,499.134715467161,0.0717516222287455,29662,4991,2718
46.736,0,0,1479.46982320712,500.374536555765,0.0466448998698946,29589,5004,2466
46.737,0,0,1480.53506035914,500.167570872678,0.0332299989768305,29611,5002,2332
46.738,0,0,1478.48587766611,499.606148504808,-0.0217114088371697,29570,4996,1783
46.739,0,0,1482.91515681039,499.74957467616,-0.0642761826200393,29658,4997,1357
46.74,0,0,1482.82750952017,499.782187616085,-0.0852720915752227,29657,4998,1147
46.741,0,0,1481.20461010889,499.590621083661,-0.0451287497606607,29624,4996,1549
46.742,0,0,1482.06964585299,498.722445317411,0.0309862273796966,29641,4987,2310
46.743,0,0,1485.99548108297,500.982482637328,0.0874858663765715,29720,5010,2875
46.744,0,0,1483.95690850476,499.025028429738,0.0554975214390662,29679,4990,2555
46.745,0,0,1483.17361290989,500.99018391588,0.0242662049373832,29663,5010,2243
46.746,0,0,1487.264787019,499.333037302358,0.00681622226934716,29745,4993,2068
46.747,0,0,1491.03324894868,499.237900800908,-0.0463011228215953,29821,4992,1537
46.748,0,0,1493.36019102443,499.642289416769,-0.0833571399418791,29867,4996,1166
46.749,0,0,1501.36735965563,500.073083450387,-0.0715750497087429,30027,5001,1284
46.75,0,0,1497.3746266511,499.642311452616,0.00193211524110446,29947,4996,2019
46.751,0,0,1500.98829385318,499.530381300189,0.061497467895977,30020,4995,2615
46.752,0,0,1499.4699044154,499.541114449734,0.0655643948703538,29989,4995,2656
46.753,0,0,1504.10790467357,499.959834974654,0.0440791354073447,30082,5000,2441
46.754,0,0,1506.74797596492,499.360873093517,0.00759275459633717,30135,4994,2076
46.755,0,0,1507.92142360715,499.880568932881,-0.0300572445395335,30158,4999,1699
46.756,0,0,1507.45196972873,499.399238917622,-0.0633497601099606,30149,4994,1367
46.757,0,0,1511.84340784928,500.208956949294,-0.0755551506130578,30237,5002,1244
46.758,0,0,1513.16981039777,501.097979154985,-0.027084280590784,30263,5011,1729
46.759,0,0,1509.46681086804,499.995501868858,0.0582854707071332,30189,5000,2583
46.76,0,0,1513.92262337972,500.705752974527,0.0887003900764048,30278,5007,2887
46.761,0,0,1511.36028155888,500.383039157809,0.0468763370915638,30227,5004,2469
46.762,0,0,1512.51149883074,500.516145001933,0.0221115812128286,30250,5005,2221
46.763,0,0,1514.58926091237,499.677055433568,-0.00909601636080121,30292,4997,1909
46.764,0,0,1516.86822444317,499.580820545225,-0.0562412762861218,30337,4996,1438
46.765,0,0,1509.3642890743,499.840458933627,-0.0784912149327577,30187,4998,1215
46.766,0,0,1510.60245804554,501.141316919871,-0.041600914233985,30212,5011,1584
46.767,0,0,1508.77401018796,498.8676326182,0.0270161790390013,30175,4989,2270
46.768,0,0,1507.27684851836,501.368160880748,0.074745866104009,30146,5014,2747
46.769,0,0,1509.22920406485,499.797235057157,0.0498250789441315,30185,4998,2498
46.77,0,0,1507.92290142735,501.385769904056,0.0257742007096007,30158,5014,2258
46.771,0,0,1507.85608220629,500.244995459299,0.00720015359186739,30157,5002,2072
46.772,0,0,1505.23063999413,501.334094863667,-0.0323432619098289,30105,5013,1677
46.773,0,0,1502.98421240378,501.502891145222,-0.0790322261562237,30060,5015,1210
46.774,0,0,1496.0219119826,500.515146977589,-0.070138836059923,29920,5005,1299
46.775,0,0,1496.09671732026,501.431021042696,0.00918277985040983,29922,5014,2092
46.776,0,0,1493.11740112459,500.741621812438,0.0580129457711022,29862,5007,2580
46.777,0,0,1492.83246689398,499.451166005794,0.0677496738005382,29857,4995,2677
46.778,0,0,1487.12950028749,501.658791922053,0.038471578949665,29743,5017,2385
46.779,0,0,1487.25963496103,500.443595489123,0.0131257579375801,29745,5004,2131
46.78,0,0,1485.55079887748,500.466353098101,-0.033292481864723,29711,5005,1667
46.781,0,0,1480.96059406512,501.099937135983,-0.0757759528866512,29619,5011,1242
46.782,0,0,1480.8861827861,500.690150410679,-0.0762773370708548,29618,5007,1237
46.783,0,0,1480.71797063527,500.592681009388,-0.00808004910063565,29614,5006,1919
46.784,0,0,1479.18680195141,500.505210848667,0.0579396713907773,29584,5005,2579
46.785,0,0,1479.17937563909,500.711986891591,0.0799356551300478,29584,5007,2799
46.786,0,0,1479.20860502266,500.99430461685,0.0457764755111918,29584,5010,2458
46.787,0,0,1479.5625188321,501.511413100442,0.0155967337573018,29591,5015,2156
46.788,0,0,1478.56453769532,501.008793229399,-0.00880483892903198,29571,5010,1912
46.789,0,0,1479.09112360677,502.228960388004,-0.0625844612511163,29582,5022,1374
46.79,0,0,1480.28275982478,501.131242343499,-0.0678550788910793,29606,5011,1321
46.791,0,0,1483.55836617035,501.805096076755,-0.0536621837802246,29671,5018,1463
46.792,0,0,1480.68237043293,500.959749390939,0.0399666295505084,29614,5010,2400
46.793,0,0,1481.97299929253,501.632643873838,0.070075990931892,29639,5016,2701
46.794,0,0,1487.87160816763,502.321426427426,0.0609002126478315,29757,5023,2609
46.795,0,0,1486.33892034758,501.579696328912,0.025242458480604,29727,5016,2252
46.796,0,0,1487.31167150331,500.002673207252,-0.00190349519406968,29746,5000,1981
46.797,0,0,1488.52655935488,501.150134806222,-0.051917680260033,29771,5012,1481
46.798,0,0,1496.14080404073,499.957661682004,-0.0724259402944029,29923,5000,1276
46.799,0,0,1495.69079248801,500.86507308229,-0.0617504364184662,29914,5009,1382
46.8,0,0,1494.72212323793,499.766064982785,0.00576278277634852,29894,4998,2058
46.801,0,0,1501.62373376074,500.413036817233,0.0617380698726959,30032,5004,2617
46.802,0,0,1501.43510991803,502.180358853238,0.0786180223537759,30029,5022,2786
46.803,0,0,1499.19146626989,501.369100210213,0.0360363421066215,29984,5014,2360
46.804,0,0,1506.95065185093,502.166888103286,0.0121366134526422,30139,5022,2121
46.805,0,0,1507.27946836258,501.544094108616,-0.0190296567849038,30146,5015,1810
46.806,0,0,1511.89310457542,500.907372911779,-0.0707193920756736,30238,5009,1293
46.807,0,0,1510.50102848345,502.650605982637,-0.0712835158117381,30210,5027,1287
46.808,0,0,1513.18694750168,500.261760668894,-0.019952332066737,30264,5003,1800
46.809,0,0,1515.26766191413,503.006534105766,0.0383543975875096,30305,5030,2384
46.81,0,0,1514.95497945982,502.077013794648,0.0842438559829718,30299,5021,2842
46.811,0,0,1514.11015113259,500.139987182592,0.0484518952976092,30282,5001,2485
46.812,0,0,1520.0219765558,501.96940638988,0.0122599395746939,30400,5020,2123
46.813,0,0,1514.40655671674,500.282578091215,-0.00864799752908208,30288,5003,1914
46.814,0,0,1514.03876102316,502.205774639738,-0.0567057399959258,30281,5022,1433
46.815,0,0,1514.43394308234,502.145419475415,-0.0797884125274479,30289,5021,1202
46.816,0,0,1514.20619095496,500.705269884721,-0.0408379939361655,30284,5007,1592
46.817,0,0,1509.49227167288,501.709501928557,0.0259201675040313,30190,5017,2259
46.818,0,0,1513.52054700425,501.970852592496,0.0745905502832599,30270,5020,2746
46.819,0,0,1511.01260414579,501.376354640881,0.0543993935538122,30220,5014,2544
46.82,0,0,1505.78869823061,501.599769992221,0.0236077964133151,30116,5016,2236
46.821,0,0,1502.61502635882,500.946564586885,-0.00499318418224824,30052,5009,1950
46.822,0,0,1503.92660688164,502.81396696588,-0.0375319462834484,30079,5028,1625
46.823,0,0,1500.48858925401,502.085447653084,-0.0834313917433394,30010,5021,1166
46.824,0,0,1501.20718691749,501.767245705507,-0.0755033942330416,30024,5018,1245
46.825,0,0,1493.22846767618,502.104285125252,0.00858736742350654,29865,5021,2086
46.826,0,0,1493.98535645848,501.463299505056,0.0575233946511702,29880,5015,2575
46.827,0,0,1492.19499055205,502.030437087641,0.0645196024909353,29844,5020,2645
46.828,0,0,1490.26173598203,501.562084393614,0.041698137197027,29805,5016,2417
46.829,0,0,1488.87409553082,501.741219745492,0.0169440742802507,29777,5017,2169
46.83,0,0,1488.4276671746,502.221135000307,-0.0153940021251577,29769,5022,1846
46.831,0,0,1482.90722681806,502.209388753399,-0.0692842735414266,29658,5022,1307
46.832,0,0,1485.25314718777,503.170410475297,-0.0841469205092843,29705,5032,1159
46.833,0,0,1479.00077747243,503.510157380619,-0.0212176769396174,29580,5035,1788
46.834,0,0,1481.81558351091,501.154206779947,0.049529924121145,29636,5012,2495
46.835,0,0,1480.4691673433,501.275896141317,0.0641772140557944,29609,5013,2642
46.836,0,0,1478.53131683196,501.215294745059,0.0468225017043467,29571,5012,2468
46.837,0,0,1479.13257816374,502.527724686512,0.0221281751913817,29583,5025,2221
46.838,0,0,1478.00977452966,502.750075695103,-0.0105078365208272,29560,5028,1895
46.839,0,0,1476.22470171864,502.966823887975,-0.0519098807738375,29524,5030,1481
46.84,0,0,1481.71628230463,501.876204024224,-0.0756685710640688,29634,5019,1243
46.841,0,0,1481.06672630551,502.087387116062,-0.0410627823668166,29621,5021,1589
46.842,0,0,1484.74566210395,501.309401124432,0.035220235202189,29695,5013,2352
46.843,0,0,1484.69258311176,502.699245038028,0.0793104681283626,29694,5027,2793
46.844,0,0,1483.69390979153,501.00585932764,0.0587942760638085,29674,5010,2588
46.845,0,0,1489.37647831026,503.547623486647,0.0254546410867301,29788,5035,2255
46.846,0,0,1491.69611093511,502.848731293819,-0.00632323011382914,29834,5028,1937
46.847,0,0,1497.62257159311,502.228468416799,-0.0315291172451929,29952,5022,1685
46.848,0,0,1490.98439837808,500.938142789094,-0.0819781155298764,29820,5009,1180
46.849,0,0,1492.07281009667,500.555913830047,-0.0595505870897735,29841,5006,1404
46.85,0,0,1503.11510982798,501.482380804328,0.00107881336302647,30062,5015,2011
46.851,0,0,1501.5122172671,501.44639774657,0.057923606302391,30030,5014,2579
46.852,0,0,1502.36499358214,502.173186656018,0.0609271129708942,30047,5022,2609
46.853,0,0,1507.8728211311,502.918112732805,0.0325454210057388,30157,5029,2325
46.854,0,0,1511.00352931225,502.184700760604,0.00706922548167408,30220,5022,2071
46.855,0,0,1513.5293074576,501.716947439002,-0.0252575565075674,30271,5017,1747
46.856,0,0,1513.49431729997,501.934556164079,-0.0686187132805115,30270,5019,1314
46.857,0,0,1512.08009636998,501.141692146503,-0.0803503520862508,30242,5011,1196
46.858,0,0,1513.45015293854,501.711946200806,-0.0166998807230487,30269,5017,1833
46.859,0,0,1515.36861232787,500.92106647149,0.0510303459211405,30307,5009,2510
46.86,0,0,1516.09839253975,501.947217597124,0.0780917021467512,30322,5019,2781
46.861,0,0,1517.79286799762,501.694591399474,0.056498858416987,30356,5017,2565
46.862,0,0,1521.41592959441,503.309092754946,0.0223678923440547,30428,5033,2224
46.863,0,0,1517.13869189521,501.755060296052,-0.00754254438783586,30343,5018,1925
46.864,0,0,1517.9767853503,502.114920671636,-0.0431396630457317,30360,5021,1569
46.865,0,0,1519.92673658958,501.909873392304,-0.0803296913883349,30399,5019,1197
46.866,0,0,1519.32477928519,502.407483526692,-0.0474831071505508,30386,5024,1525
46.867,0,0,1514.08411791785,502.265177563996,0.0377542144202802,30282,5023,2378
46.868,0,0,1510.08315651353,502.571600302772,0.0724012659768199,30202,5026,2724
46.869,0,0,1513.66194519243,502.478472471209,0.0528667327065001,30273,5025,2529
46.87,0,0,1511.02993295553,501.946189351566,0.0241871096134931,30221,5019,2242
46.871,0,0,1509.57658766303,501.786391137725,0.00344504739241843,30192,5018,2034
46.872,0,0,1507.7565661305,501.834537332976,-0.0378464958862402,30155,5018,1622
46.873,0,0,1504.42960945432,501.856974520259,-0.0813268100210643,30089,5019,1187
46.874,0,0,1502.86976927183,501.705925866847,-0.0551091467421744,30057,5017,1449
46.875,0,0,1501.61889149939,502.042797534641,0.000120186677074256,30032,5020,2001
46.876,0,0,1497.73715825955,502.476583093314,0.0663330768093214,29955,5025,2663
46.877,0,0,1500.44963010808,501.230022618169,0.0704777664493871,30009,5012,2705
46.878,0,0,1492.22687686869,503.30647467112,0.0409618236161403,29845,5033,2410
46.879,0,0,1491.84496392303,501.653686364382,0.011075536205181,29837,5017,2111
46.88,0,0,1491.90701269517,501.943102341205,-0.0180562863615932,29838,5019,1819
46.881,0,0,1492.16320458522,502.902119926111,-0.0581088775275824,29843,5029,1419
46.882,0,0,1487.27725630305,502.400568728703,-0.073947643721119,29746,5024,1261
46.883,0,0,1488.29355342406,502.001505172607,-0.0193399421567643,29766,5020,1807
46.884,0,0,1487.45135102016,501.93317448747,0.0574689063717148,29749,5019,2575
46.885,0,0,1484.6501198415,501.615039117537,0.075442937067873,29693,5016,2754
46.886,0,0,1481.27709332058,500.689333042409,0.0583368088001724,29626,5007,2583
46.887,0,0,1486.12365096659,500.255460124862,0.0140683325406104,29722,5003,2141
46.888,0,0,1483.27835215467,502.426364837424,-0.0148996128401087,29666,5024,1851
46.889,0,0,1484.62386767012,501.452720788925,-0.0613851430303341,29692,5015,1386
46.89,0,0,1485.5217875661,501.000676962102,-0.0704936193072812,29710,5010,1295
46.891,0,0,1488.33236716814,501.585168360439,-0.0454258062305289,29767,5016,1546
46.892,0,0,1490.17231504446,501.816320456168,0.0272366599803677,29803,5018,2272
46.893,0,0,1488.10670113416,501.159099399369,0.0796410740598627,29762,5012,2796
46.894,0,0,1491.67671922424,501.409557836397,0.0600950314835506,29834,5014,2601
46.895,0,0,1492.95721519469,501.688410908836,0.0254104364528534,29859,5017,2254
46.896,0,0,1497.32921027565,501.045690088227,0.0142129570652351,29947,5010,2142
46.897,0,0,1498.07609704557,500.48316437486,-0.0369849987839372,29962,5005,1630
46.898,0,0,1500.8941793273,500.820199046676,-0.0737295045673098,30018,5008,1263
46.899,0,0,1502.65081522895,501.334183094502,-0.0628667670664457,30053,5013,1371
46.9,0,0,1506.57131161337,501.125084425831,0.0129164318230596,30131,5011,2129
46.901,0,0,1503.3707755716,501.91461311741,0.0578189208431499,30067,5019,2578
46.902,0,0,1508.92252038769,501.817283067679,0.0611070698823411,30178,5018,2611
46.903,0,0,1509.19902671772,500.620561446237,0.0370461505595545,30184,5006,2370
46.904,0,0,1511.99652248873,502.896190998492,-0.00178657908616445,30240,5029,1982
46.905,0,0,1512.39921495937,500.338816103859,-0.0268967866488052,30248,5003,1731
46.906,0,0,1511.94157628911,500.193102345142,-0.0695363513344837,30239,5002,1305
46.907,0,0,1516.41777596291,502.052797443305,-0.0689883246308701,30328,5021,1310
46.908,0,0,1520.50776994744,500.768223016897,-0.0262141946483279,30410,5008,1738
46.909,0,0,1519.48500974948,502.777728446544,0.0428873646048543,30390,5028,2429
46.91,0,0,1519.16794013927,501.229206418535,0.0834719101033605,30383,5012,2835
46.911,0,0,1522.05385529656,501.973689592435,0.0382233031074855,30441,5020,2382
46.912,0,0,1521.44873999734,501.698110309622,0.0136723292863159,30429,5017,2137
46.913,0,0,1521.48150091886,501.202374490866,-0.00721239809590373,30430,5012,1928
46.914,0,0,1520.45572911227,500.626400089853,-0.0597191856318983,30409,5006,1403
46.915,0,0,1518.88946870647,501.328091882734,-0.0803374111035645,30378,5013,1197
46.916,0,0,1519.63364359203,501.310163071954,-0.0422901233522794,30393,5013,1577
46.917,0,0,1521.3689788218,501.382226512552,0.0231133314727714,30427,5014,2231
46.918,0,0,1513.52179521987,500.514678360141,0.0850717033806447,30270,5005,2851
46.919,0,0,1516.24465460563,500.668494645433,0.0597640057872711,30325,5007,2598
46.92,0,0,1512.14023579346,499.847334695857,0.0309606702554229,30243,4998,2310
46.921,0,0,1514.60908731493,501.737006273268,-0.00237126262543951,30292,5017,1976
46.922,0,0,1511.47145141114,500.102581377731,-0.036334326521541,30229,5001,1637
46.923,0,0,1508.70895404751,501.913467177812,-0.0785543553014132,30174,5019,1214
46.924,0,0,1507.7190730846,499.48479351572,-0.0599990080006546,30154,4995,1400
46.925,0,0,1505.7220565752,500.530018093665,0.00664138103825637,30114,5005,2066
46.926,0,0,1500.22280967448,501.896471166924,0.0678985610136525,30004,5019,2679
46.927,0,0,1499.62595368686,501.054043951412,0.0559440770986268,29993,5011,2559
46.928,0,0,1500.47605379297,502.256415558861,0.0431126253624028,30010,5023,2431
46.929,0,0,1494.47599070068,500.428188640042,0.0110861726033152,29890,5004,2111
46.93,0,0,1493.35260310567,500.560531821477,-0.0264147463977853,29867,5006,1736
46.931,0,0,1492.91529737244,499.525692524347,-0.0605312138843089,29858,4995,1395
46.932,0,0,1491.00047463435,501.163274500534,-0.0755054701205557,29820,5012,1245
46.933,0,0,1486.87014719588,499.604940786177,-0.0135297214107155,29737,4996,1865
46.934,0,0,1487.54972747665,501.99216730676,0.0546209066316933,29751,5020,2546
46.935,0,0,1486.9372669639,500.021314011932,0.0767227247374609,29739,5000,2767
46.936,0,0,1486.29347591612,501.223303238202,0.042157907611645,29726,5012,2422
46.937,0,0,1485.99271776933,499.085131584346,0.0164369269158862,29720,4991,2164
46.938,0,0,1487.29835103283,501.032668518484,-0.00628239566043987,29746,5010,1937
46.939,0,0,1489.18046142123,500.597762942293,-0.0569506973420145,29784,5006,1430
46.94,0,0,1485.96115041455,500.576892352045,-0.0873634042711036,29719,5006,1126
46.941,0,0,1488.40469030771,499.739288214925,-0.0323091965364197,29768,4997,1677
46.942,0,0,1487.67675398182,499.853031663538,0.0333481899921686,29754,4999,2333
46.943,0,0,1488.93446090784,500.543407165029,0.0800022362063042,29779,5005,2800
46.944,0,0,1489.52277995824,500.460659279664,0.0614837793562027,29790,5005,2615
46.945,0,0,1492.39124288897,499.30189313021,0.0187114754640254,29848,4993,2187
46.946,0,0,1491.88348353694,500.14683940577,-0.00354632047125445,29838,5001,1965
46.947,0,0,1501.23507523618,499.794576232302,-0.0413562976474217,30025,4998,1586
46.948,0,0,1499.24910328591,499.592012394766,-0.0574415851001761,29985,4996,1426
46.949,0,0,1497.89270681997,501.108991543768,-0.0577501013294596,29958,5011,1422
46.95,0,0,1504.83488761124,501.531091268033,0.000837103718831306,30097,5015,2008
46.951,0,0,1503.61396818889,499.48685093744,0.0744393387711792,30072,4995,2744
46.952,0,0,1511.44013172044,497.884473611377,0.0652693361758486,30229,4979,2653
46.953,0,0,1509.06158395447,499.840777926002,0.0460242745429426,30181,4998,2460
46.954,0,0,1512.65701254255,500.388181379432,0.0116477626413855,30253,5004,2116
46.955,0,0,1513.57840183458,499.403694911075,-0.0197263490929995,30272,4994,1803
46.956,0,0,1514.45371353998,499.535294251743,-0.0692799904856521,30289,4995,1307
46.957,0,0,1518.15162326041,500.861606026161,-0.0753768281733114,30363,5009,1246
46.958,0,0,1517.37924523103,498.902597411632,-0.0252047796505972,30348,4989,1748
46.959,0,0,1522.05280064889,499.801217149259,0.0598445732908751,30441,4998,2598
46.96,0,0,1518.87766824227,499.908619363845,0.0667309422799622,30378,4999,2667
46.961,0,0,1523.1442163989,499.980257733464,0.0280067009568111,30463,5000,2280
46.962,0,0,1520.78847017968,499.846131150643,0.018041778604114,30416,4998,2180
46.963,0,0,1521.82490956927,499.794440243129,-0.00839466309491797,30436,4998,1916
46.964,0,0,1523.14539655156,500.535580285833,-0.0586364529067865,30463,5005,1414
46.965,0,0,1516.75322540574,500.041874446267,-0.0870845295089555,30335,5000,1129
46.966,0,0,1515.94722264691,499.173913005804,-0.04790881624897,30319,4992,1521
46.967,0,0,1518.94107579952,499.325453574693,0.028778244595753,30379,4993,2288
46.968,0,0,1517.27483298978,500.641378031619,0.0670173568252938,30345,5006,2670
46.969,0,0,1514.3648013523,499.192303369113,0.0623842185274797,30287,4992,2624
46.97,0,0,1516.27234447654,499.149379420457,0.0340480334847248,30325,4991,2340
46.971,0,0,1512.82390659438,498.772503484302,0.00204477000607642,30256,4988,2020
46.972,0,0,1511.65916899089,498.974408564719,-0.0406241655048378,30233,4990,1594
46.973,0,0,1508.89954757651,499.304569650419,-0.0777730649709341,30178,4993,1222
46.974,0,0,1497.93079241712,498.657792383128,-0.0532069631663938,29959,4987,1468
46.975,0,0,1500.64467711262,498.842025067873,0.00255058644584245,30013,4988,2026
46.976,0,0,1501.03819685858,498.697796098885,0.0715219451717028,30021,4987,2715
46.977,0,0,1494.72994454933,497.969472441913,0.0738542668795688,29895,4980,2739
46.978,0,0,1492.15741223394,499.162857077685,0.0441602942042157,29843,4992,2442
46.979,0,0,1493.37457705144,499.694124639719,0.00562953686040409,29867,4997,2056
46.98,0,0,1487.35450880173,498.953316410127,-0.022309300858108,29747,4990,1777
46.981,0,0,1493.4849513406,499.349581461648,-0.0657762621028288,29870,4993,1342
46.982,0,0,1487.88362310765,499.165848421159,-0.0705331010031662,29758,4992,1295
46.983,0,0,1487.9676075698,499.331869081996,-0.0177046152683082,29759,4993,1823
46.984,0,0,1485.19708895043,499.072230213352,0.04889836381558,29704,4991,2489
46.985,0,0,1482.58615119092,499.076246057181,0.0654737816050167,29652,4991,2655
46.986,0,0,1482.71241010113,499.656226039716,0.0613478306001026,29654,4997,2613
46.987,0,0,1484.03174730458,498.393704069604,0.0163585596822602,29681,4984,2164
46.988,0,0,1486.24355404545,498.294124367281,-0.00601685285475452,29725,4983,1940
46.989,0,0,1485.86243454623,498.036612045776,-0.0634919889043652,29717,4980,1365
46.99,0,0,1484.84647099953,499.194000917821,-0.0814999059115807,29697,4992,1185
46.991,0,0,1487.06859267585,498.629352958009,-0.0478919061549166,29741,4986,1521
46.992,0,0,1485.00159687628,498.855261775343,0.0280029697892951,29700,4989,2280
46.993,0,0,1487.41523804621,498.721261801625,0.0748814069499721,29748,4987,2749
46.994,0,0,1486.27205809862,498.329250027166,0.0543111622621786,29725,4983,2543
46.995,0,0,1490.70440070131,498.49632318724,0.0335884401373265,29814,4985,2336
46.996,0,0,1492.59779208723,498.741384236973,0.00162102645615273,29852,4987,2016
46.997,0,0,1490.08898364969,497.928059564788,-0.0347819820364595,29802,4979,1652
46.998,0,0,1495.47759406254,499.075767813541,-0.0815778832590205,29910,4991,1184
46.999,0,0,1501.03380207729,498.717963872654,-0.0672115495829453,30021,4987,1328
47,0,0,1499.44431061063,498.596694515193,0.0151356865475036,29989,4986,2151
47.001,0,0,1500.16030769596,497.984497976405,0.0599582832455009,30003,4980,2600
47.002,0,0,1503.72905753982,499.044927066511,0.0757362028011027,30075,4990,2757
47.003,0,0,1506.92257146619,497.971666125298,0.0325058433867548,30138,4980,2325
47.004,0,0,1511.90001848821,498.7806359266,0.00618890257357584,30238,4988,2062
47.005,0,0,1510.15030892403,498.164201706159,-0.0306242996580946,30203,4982,1694
47.006,0,0,1511.70839967031,498.609584810617,-0.0633973532035483,30234,4986,1366
47.007,0,0,1512.97098070116,498.587273372825,-0.078696641448422,30259,4986,1213
47.008,0,0,1513.46389876867,498.469986368989,-0.0220468127446822,30269,4985,1780
47.009,0,0,1518.0995560299,498.268972067423,0.0517155797966019,30362,4983,2517
47.01,0,0,1516.4416025788,498.474192181465,0.0841464582915154,30329,4985,2841
47.011,0,0,1515.32111339966,497.70686331498,0.0516588953308748,30306,4977,2517
47.012,0,0,1516.72461230319,498.18349315143,0.0232962571016776,30334,4982,2233
47.013,0,0,1514.80956888991,498.490044005102,-0.000914298014899005,30296,4985,1991
47.014,0,0,1517.68867551551,498.336446799666,-0.0573347615393013,30354,4983,1427
47.015,0,0,1516.87699436033,499.15771512757,-0.0859583666440136,30338,4992,1140
47.016,0,0,1515.78364429633,497.683125660562,-0.0399528009992885,30316,4977,1600
47.017,0,0,1513.92097306468,497.626951414732,0.0302333589044387,30278,4976,2302
47.018,0,0,1512.12032239633,499.314800665446,0.0738884801810914,30242,4993,2739
47.019,0,0,1514.36924139886,499.665663731727,0.0647771471296981,30287,4997,2648
47.02,0,0,1510.28758084213,497.923427489302,0.0325533262717429,30206,4979,2326
47.021,0,0,1508.21815444055,498.801399082024,0.00132636779222874,30164,4988,2013
47.022,0,0,1500.95976155611,496.262481788068,-0.0399330665995957,30019,4963,1601
47.023,0,0,1504.62985604434,499.187468721737,-0.0843706473252688,30093,4992,1156
47.024,0,0,1499.92310102614,498.414775056816,-0.0766672534085255,29998,4984,1233
47.025,0,0,1498.38042691998,499.160512863968,0.00418158120500253,29968,4992,2042
47.026,0,0,1494.52323523862,498.322679747608,0.0700853760061999,29890,4983,2701
47.027,0,0,1490.24691180296,498.575479147929,0.0586506412176428,29805,4986,2587
47.028,0,0,1493.10639028563,497.891558708041,0.0367637676182951,29862,4979,2368
47.029,0,0,1487.4970517299,498.136221417358,0.0180329125663581,29750,4981,2180
47.03,0,0,1485.24434938728,498.291299851015,-0.0256353177175206,29705,4983,1744
47.031,0,0,1484.628908283,497.596254252459,-0.0678201085689997,29693,4976,1322
47.032,0,0,1481.79196371084,498.71612921242,-0.0739052533075384,29636,4987,1261
47.033,0,0,1479.04200635339,498.310770731966,-0.0250670565810759,29581,4983,1749
47.034,0,0,1479.50075418187,498.464872924822,0.0568136477773015,29590,4985,2568
47.035,0,0,1483.97921018682,499.190668362273,0.0696722195749295,29680,4992,2697
47.036,0,0,1480.55885594417,497.672038549368,0.0486222380297324,29611,4977,2486
47.037,0,0,1477.50130566883,499.079396888302,0.010382785171312,29550,4991,2104
47.038,0,0,1478.75043174914,499.16132078673,-0.00361337111902787,29575,4992,1964
47.039,0,0,1478.14664337242,497.447208857108,-0.046068443283174,29563,4974,1539
47.04,0,0,1478.44514252925,498.103144719153,-0.0746504070771582,29569,4981,1253
47.041,0,0,1483.24570658308,498.03229556609,-0.0410373476879909,29665,4980,1590
47.042,0,0,1480.24950515464,498.053866853031,0.0260571383911092,29605,4981,2261
47.043,0,0,1484.20027406197,497.073230911901,0.0732792408919223,29684,4971,2733
47.044,0,0,1484.80148608034,498.551004839841,0.0528008373494156,29696,4986,2528
47.045,0,0,1483.26247202594,497.653542521295,0.0166765166322341,29665,4977,2167
47.046,0,0,1489.57590739045,498.818792650536,0.00132752930096281,29792,4988,2013
47.047,0,0,1491.05311750232,497.77688278929,-0.045173877208036,29821,4978,1548
47.048,0,0,1491.02937421765,497.789358981128,-0.0765717549923532,29821,4978,1234
47.049,0,0,1494.60074401168,498.228803323098,-0.07122912757055,29892,4982,1288
47.05,0,0,1496.5354734449,498.779018646295,0.00332332277758071,29931,4988,2033
47.051,0,0,1498.53556928927,497.507874053573,0.0605162411059661,29971,4975,2605
47.052,0,0,1503.90949569827,497.643461454981,0.0598007024725291,30078,4976,2598
47.053,0,0,1505.65292967355,498.032496215438,0.0477747872584268,30113,4980,2478
47.054,0,0,1506.17477208712,498.038775623745,0.00481147403182411,30123,4980,2048
47.055,0,0,1507.22070602261,498.361467109782,-0.0231893111934921,30144,4984,1768
47.056,0,0,1505.57573594955,497.3460293239,-0.066019242852882,30112,4973,1340
47.057,0,0,1512.33030717757,498.519337827129,-0.0868676207454551,30247,4985,1131
47.058,0,0,1514.86330476944,498.479049363698,-0.0126227892338505,30297,4985,1874
47.059,0,0,1511.20247752217,498.024085346995,0.0579583055646077,30224,4980,2580
47.06,0,0,1511.28659016799,498.545621854775,0.0753761283091743,30226,4985,2754
47.061,0,0,1514.62427534846,497.868639124712,0.0464468797948963,30292,4979,2464
47.062,0,0,1517.19043680041,498.697569445819,0.0167839508031506,30344,4987,2168
47.063,0,0,1511.36413497004,497.81145000699,0.00253473627622929,30227,4978,2025
47.064,0,0,1510.9250466055,499.484444049124,-0.0565097860386789,30219,4995,1435
47.065,0,0,1514.91870178542,498.51459487174,-0.082029968611439,30298,4985,1180
47.066,0,0,1512.77729430115,498.721926059355,-0.0406388247671425,30256,4987,1594
47.067,0,0,1510.17234894381,498.477006276381,0.0247448659503305,30203,4985,2247
47.068,0,0,1507.51123459783,497.697772776345,0.0696751910778235,30150,4977,2697
47.069,0,0,1508.72527337852,497.996516184958,0.0564368916983714,30175,4980,2564
47.07,0,0,1507.31105514697,498.110799079352,0.0241743018931724,30146,4981,2242
47.071,0,0,1504.74897910316,496.841611027398,-0.0024009277233448,30095,4968,1976
47.072,0,0,1501.64749227841,498.047359495086,-0.0319243804084331,30033,4980,1681
47.073,0,0,1502.63990983773,497.168035337514,-0.0846011883072113,30053,4972,1154
47.074,0,0,1493.61830734742,498.911999000158,-0.0513899389836857,29872,4989,1486
47.075,0,0,1496.46936001619,498.488174740769,0.00419296393300948,29929,4985,2042
47.076,0,0,1496.58793887878,497.742722768022,0.0611904117345809,29932,4977,2612
47.077,0,0,1491.25532119504,497.526238873971,0.0574158333610635,29825,4975,2574
47.078,0,0,1491.16985228773,498.750590855395,0.0356684638021559,29823,4988,2357
47.079,0,0,1488.51542016183,498.437274836492,-0.00257640151321979,29770,4984,1974
47.08,0,0,1483.04508833431,499.204692182606,-0.0238567152990042,29661,4992,1761
47.081,0,0,1482.04648786028,498.01722053797,-0.0665385400932001,29641,4980,1335
47.082,0,0,1483.65431681217,498.165422888803,-0.0879451763841712,29673,4982,1121
47.083,0,0,1475.22276897895,497.878651130748,-0.0195398780531406,29504,4979,1805
47.084,0,0,1476.61144763353,497.669778574425,0.0491372809949842,29532,4977,2491
47.085,0,0,1477.94149550019,498.824161022288,0.0768614670327577,29559,4988,2769
47.086,0,0,1475.67772082701,496.550552686013,0.0395853235490568,29514,4966,2396
47.087,0,0,1477.75724187357,499.185016707372,0.0202330557061226,29555,4992,2202
47.088,0,0,1479.57061497663,497.986064357458,-0.0215493484290506,29591,4980,1785
47.089,0,0,1477.95363217863,497.714970745775,-0.0512673245182602,29559,4977,1487
47.09,0,0,1480.2296569119,497.223174759367,-0.0799890606374408,29605,4972,1200
47.091,0,0,1479.81958600283,498.156684417269,-0.0526667245735146,29596,4982,1473
47.092,0,0,1483.57251822644,496.520951079111,0.0411480694735981,29671,4965,2411
47.093,0,0,1482.7682449467,498.8537494229,0.0688830362079443,29655,4989,2689
47.094,0,0,1483.96885745945,498.216129191504,0.0573066483446251,29679,4982,2573
47.095,0,0,1486.47016849015,499.047130177334,0.0224489878080264,29729,4990,2224
47.096,0,0,1486.6826642398,496.993479191411,-0.000575082883628543,29734,4970,1994
47.097,0,0,1488.88968202231,497.415209858225,-0.0364575352420166,29778,4974,1635
47.098,0,0,1491.5743709553,499.422012983031,-0.0813817749291148,29831,4994,1186
47.099,0,0,1495.48852823938,497.464486222541,-0.0695580216636393,29910,4975,1304
47.1,0,0,1496.13169429685,499.289919874517,0.00974093187500646,29923,4993,2097
47.101,0,0,1501.41431045278,498.496445695364,0.0756153150759153,30028,4985,2756
47.102,0,0,1501.42810493373,499.639036700896,0.0596954527509492,30029,4996,2597
47.103,0,0,1505.69159029043,498.35983714477,0.0386839925687953,30114,4984,2387
